=== Mupen64Plus AE Quest/OpenXR diagnostic session ===
started=2026-07-20T20:57:55.552+1000
launch=GameActivity action=paulscode.android.mupen64plusae.action.QUEST_VR_GAME categories={android.intent.category.DEFAULT, org.khronos.openxr.intent.category.IMMERSIVE_HMD} restored=false
device=Oculus Quest 3S brand=oculus product=panther deviceCode=panther
android=14 sdk=34 build=UP1A.231005.007.A1 fingerprint=oculus/panther/panther:14/UP1A.231005.007.A1/3594280027800610:user/abl_signing_keys:release,amss_signing_keys:release,release-keys
process=20741 elapsedRealtimeMs=43874681
2026-07-20T20:57:55.553+1000 I pid=20741 tid=20741 thread=main [QuestVrDiagnostics] Started diagnostic session at /storage/emulated/0/Android/data/org.mupen64plusae.v3.alpha/files/quest-vr/quest-vr-diagnostic-latest.log
2026-07-20T20:57:55.554+1000 I pid=20741 tid=20741 thread=main [QuestVrSettings] Loaded preferences name=quest_vr containsEnabled=false rawEnabled=null vrEnabled=true entryCount=0 screenDistance=2.0->2.0 screenScale=1.0->1.0 presentation=immersive_projection->immersive_projection explicitPresentation=false legacyAndroidImmersive=true immersiveScale=1.0->1.0 sourceWidthMultiplierV2=2.0->2.0 legacyWidthScale=NaN legacyIgnored=true sourceWidthCap=2688->2688 proofLayers=false
2026-07-20T20:57:55.557+1000 I pid=20741 tid=20741 thread=main [QuestVrBridge] Loaded native library libmupen64plus-quest-vr.so
2026-07-20T20:57:55.558+1000 I pid=20741 tid=20741 thread=main [GameActivity] VR startup inputs vrEnabled=true nativeLibraryLoaded=true headTrackingFeature=false launchAction=paulscode.android.mupen64plusae.action.QUEST_VR_GAME manufacturer=Oculus model=Quest 3S sdk=34 build=UP1A.231005.007.A1
2026-07-20T20:57:55.558+1000 I pid=20741 tid=20741 thread=main [GameActivity] onCreate after super; persistent diagnostics active
2026-07-20T20:57:55.572+1000 I pid=20741 tid=20741 thread=main [GameActivity] ROM identity displayName="Star Fox 64 (U) (V1.1) [!]" goodName="Star Fox 64 (U) (V1.1) [!]" headerName="STARFOX64" countryCode=69
2026-07-20T20:57:55.574+1000 I pid=20741 tid=20741 thread=main [PixelBuffer] Producer EGL allocation requested=320x240 pixels=76800 tid=2
2026-07-20T20:57:55.583+1000 I pid=20741 tid=20741 thread=main [PixelBuffer] Producer EGL display=com.google.android.gles_jni.EGLDisplayImpl@38532d45 initialized=true version=1.0 error=0x3000
2026-07-20T20:57:55.584+1000 I pid=20741 tid=20741 thread=main [PixelBuffer] Producer EGL config=com.google.android.gles_jni.EGLConfigImpl@d36f908 maxPbuffer=16384x16384 maxPixels=268435456
2026-07-20T20:57:55.586+1000 I pid=20741 tid=20741 thread=main [PixelBuffer] Producer EGL context=com.google.android.gles_jni.EGLContextImpl@74e7ab04 pbuffer=com.google.android.gles_jni.EGLSurfaceImpl@74e7ac04 current=true requested=320x240 error=0x3000
2026-07-20T20:57:55.587+1000 I pid=20741 tid=20741 thread=main [PixelBuffer] Producer SurfaceTexture created texture=1 defaultBuffer=320x240 glError=0x0
2026-07-20T20:57:55.590+1000 I pid=20741 tid=20741 thread=main [PixelBuffer] Producer EGL allocation requested=320x240 pixels=76800 tid=2
2026-07-20T20:57:55.591+1000 I pid=20741 tid=20741 thread=main [PixelBuffer] Producer EGL display=com.google.android.gles_jni.EGLDisplayImpl@38532d45 initialized=true version=1.0 error=0x3000
2026-07-20T20:57:55.591+1000 I pid=20741 tid=20741 thread=main [PixelBuffer] Producer EGL config=com.google.android.gles_jni.EGLConfigImpl@809e120 maxPbuffer=16384x16384 maxPixels=268435456
2026-07-20T20:57:55.592+1000 I pid=20741 tid=20741 thread=main [PixelBuffer] Producer EGL context=com.google.android.gles_jni.EGLContextImpl@74e7aa84 pbuffer=com.google.android.gles_jni.EGLSurfaceImpl@74e7ac04 current=true requested=320x240 error=0x3000
2026-07-20T20:57:55.592+1000 I pid=20741 tid=20741 thread=main [PixelBuffer] Producer SurfaceTexture created texture=1 defaultBuffer=320x240 glError=0x0
2026-07-20T20:57:55.594+1000 I pid=20741 tid=20741 thread=main [PixelBuffer] Producer EGL allocation requested=320x240 pixels=76800 tid=2
2026-07-20T20:57:55.594+1000 I pid=20741 tid=20741 thread=main [PixelBuffer] Producer EGL display=com.google.android.gles_jni.EGLDisplayImpl@38532d45 initialized=true version=1.0 error=0x3000
2026-07-20T20:57:55.595+1000 I pid=20741 tid=20741 thread=main [PixelBuffer] Producer EGL config=com.google.android.gles_jni.EGLConfigImpl@67c289b maxPbuffer=16384x16384 maxPixels=268435456
2026-07-20T20:57:55.595+1000 I pid=20741 tid=20741 thread=main [PixelBuffer] Producer EGL context=com.google.android.gles_jni.EGLContextImpl@74e7aa84 pbuffer=com.google.android.gles_jni.EGLSurfaceImpl@74e7ac04 current=true requested=320x240 error=0x3000
2026-07-20T20:57:55.596+1000 I pid=20741 tid=20741 thread=main [PixelBuffer] Producer SurfaceTexture created texture=1 defaultBuffer=320x240 glError=0x0
2026-07-20T20:57:55.660+1000 I pid=20741 tid=20741 thread=main [GameActivity] onStart finishing=false destroyed=false
2026-07-20T20:57:55.661+1000 I pid=20741 tid=20741 thread=main [QuestVrSettings] Loaded preferences name=quest_vr containsEnabled=false rawEnabled=null vrEnabled=true entryCount=0 screenDistance=2.0->2.0 screenScale=1.0->1.0 presentation=immersive_projection->immersive_projection explicitPresentation=false legacyAndroidImmersive=true immersiveScale=1.0->1.0 sourceWidthMultiplierV2=2.0->2.0 legacyWidthScale=NaN legacyIgnored=true sourceWidthCap=2688->2688 proofLayers=false
2026-07-20T20:57:55.661+1000 I pid=20741 tid=20741 thread=main [GameActivity] Quest VR producer resolution selectedPerEye=2160x1620 widthMultiplier=2.0 requestedTotal=4320x1620 requestedPerEye=2160x1620 effectiveTotal=2688x1008 effectivePerEye=1344x1008 contentAspect=1.3333334 downscale=0.6222222222222222 clamped=true limits width=true height=false pixels=false userWidthCap=2688 hardLimits=2688x1440/3000000px
2026-07-20T20:57:55.661+1000 W pid=20741 tid=20741 thread=main [GameActivity] Quest VR resolution plateau reached: this and larger presets with the same content aspect resolve to effectiveTotal=2688x1008 effectivePerEye=1344x1008 at the current source-width cap
2026-07-20T20:57:55.664+1000 I pid=20741 tid=20741 thread=main [GameSurface] startGlContext surfaceAvailable=false glStarted=false
2026-07-20T20:57:55.668+1000 I pid=20741 tid=20741 thread=main [GameActivity] onResume focus=false
2026-07-20T20:57:55.708+1000 I pid=20741 tid=20741 thread=main [CoreService] Creating GLideN64 producer PixelBuffer requested=2688x1008 pixels=2709504
2026-07-20T20:57:55.708+1000 I pid=20741 tid=20741 thread=main [PixelBuffer] Producer EGL allocation requested=2688x1008 pixels=2709504 tid=2
2026-07-20T20:57:55.708+1000 I pid=20741 tid=20741 thread=main [PixelBuffer] Producer EGL display=com.google.android.gles_jni.EGLDisplayImpl@38532d45 initialized=true version=1.0 error=0x3000
2026-07-20T20:57:55.709+1000 I pid=20741 tid=20741 thread=main [PixelBuffer] Producer EGL config=com.google.android.gles_jni.EGLConfigImpl@9be6ad2 maxPbuffer=16384x16384 maxPixels=268435456
2026-07-20T20:57:55.711+1000 I pid=20741 tid=20741 thread=main [PixelBuffer] Producer EGL context=com.google.android.gles_jni.EGLContextImpl@74da0104 pbuffer=com.google.android.gles_jni.EGLSurfaceImpl@74da0204 current=true requested=2688x1008 error=0x3000
2026-07-20T20:57:55.711+1000 I pid=20741 tid=20741 thread=main [PixelBuffer] Producer SurfaceTexture created texture=1 defaultBuffer=2688x1008 glError=0x0
2026-07-20T20:57:55.712+1000 I pid=20741 tid=20741 thread=main [CoreService] GLideN64 producer created actual=2688x1008 surface=Surface(name=android.graphics.SurfaceTexture@9a1e659 mNativeObject=-5476376642708750336)/@0x2271aff
2026-07-20T20:57:55.725+1000 I pid=20741 tid=20741 thread=main [GameActivity] onWindowFocusChanged hasFocus=true
2026-07-20T20:57:55.726+1000 I pid=20741 tid=20741 thread=main [GameActivity] onWindowFocusChanged hasFocus=false
2026-07-20T20:57:55.751+1000 I pid=20741 tid=20741 thread=main [GameSurface] surfaceCreated surface=Surface(name=null mNativeObject=-5476376642721161216)/@0x3245d8a valid=true
2026-07-20T20:57:55.752+1000 I pid=20741 tid=20741 thread=main [GameSurface] startGlContext surfaceAvailable=true glStarted=false
2026-07-20T20:57:55.755+1000 I pid=20741 tid=20779 thread=Render thread [GameSurface] RenderThread.run entry
2026-07-20T20:57:55.756+1000 I pid=20741 tid=20741 thread=main [GameSurface] surfaceChanged format=4 size=2160x1620 surfaceValid=true
2026-07-20T20:57:55.756+1000 I pid=20741 tid=20779 thread=Render thread [QuestVrSettings] Loaded preferences name=quest_vr containsEnabled=false rawEnabled=null vrEnabled=true entryCount=0 screenDistance=2.0->2.0 screenScale=1.0->1.0 presentation=immersive_projection->immersive_projection explicitPresentation=false legacyAndroidImmersive=true immersiveScale=1.0->1.0 sourceWidthMultiplierV2=2.0->2.0 legacyWidthScale=NaN legacyIgnored=true sourceWidthCap=2688->2688 proofLayers=false
2026-07-20T20:57:55.756+1000 I pid=20741 tid=20779 thread=Render thread [GameSurface] RenderThread startup gate vrEnabled=true nativeLibraryLoaded=true headTrackingFeature=false activityContext=true finalQuestVrCandidate=true requestedGlVersion=3
2026-07-20T20:57:55.757+1000 I pid=20741 tid=20779 thread=Render thread [GameSurface] Requesting EGL_WINDOW_BIT | EGL_PBUFFER_BIT for OpenXR context parking
2026-07-20T20:57:55.757+1000 I pid=20741 tid=20779 thread=Render thread [GameSurface] Selected EGLConfig id=9 surfaceType=0x15a5 renderableType=0x45 pbuffer=true
2026-07-20T20:57:55.759+1000 I pid=20741 tid=20779 thread=Render thread [GameSurface] EGL[createGLContext-success GLES=OpenGL ES 3.2 V@0837.0.7 (GIT@3dbacedba8, I13e643cb5c, 1768227585) (Date:01/12/26)] display=android.opengl.EGLDisplay@38532d45 config=android.opengl.EGLConfig@74e94724 context=android.opengl.EGLContext@73f1e904 surface=android.opengl.EGLSurface@73f1ec84 currentDisplay=android.opengl.EGLDisplay@38532d45 currentContext=android.opengl.EGLContext@73f1e904 currentDraw=android.opengl.EGLSurface@73f1ec84 eglError=0x3000
2026-07-20T20:57:55.759+1000 I pid=20741 tid=20779 thread=Render thread [GameSurface] startPresentation on render thread
2026-07-20T20:57:55.760+1000 I pid=20741 tid=20741 thread=main [GameActivity] onWindowFocusChanged hasFocus=true
2026-07-20T20:57:55.759 I pid=20741 tid=20779 [M64P-QuestVR] Native persistent diagnostics attached to /storage/emulated/0/Android/data/org.mupen64plusae.v3.alpha/files/quest-vr/quest-vr-diagnostic-latest.log
2026-07-20T20:57:55.761+1000 I pid=20741 tid=20779 thread=Render thread [QuestVrBridge] initialize entry activity=paulscode.android.mupen64plusae.game.GameActivity finishing=false destroyed=false nativeLibraryLoaded=true headTrackingFeature=false
2026-07-20T20:57:55.762 I pid=20741 tid=20779 [M64P-QuestVR] nativePrimeAndroidSurface entry tid=20779
2026-07-20T20:57:55.762 I pid=20741 tid=20779 [M64P-QuestVR] EGL bootstrap[prime-entry] tid=20779 display=0xb40000768c532b40 context=0xb4000075c7f1e680 draw=0xb4000075c7f1ea00 read=0xb4000075c7f1ea00 configId=9 clientVersion=3 eglError=0x3000
2026-07-20T20:57:55.769 I pid=20741 tid=20779 [M64P-QuestVR] Presented Android bootstrap frame (2160x1620) before OpenXR session creation
2026-07-20T20:57:55.770 I pid=20741 tid=20779 [M64P-QuestVR] nativeParkEglContext entry tid=20779 active=0
2026-07-20T20:57:55.770 I pid=20741 tid=20779 [M64P-QuestVR] EGL bootstrap[park-entry] tid=20779 display=0xb40000768c532b40 context=0xb4000075c7f1e680 draw=0xb4000075c7f1ea00 read=0xb4000075c7f1ea00 configId=9 clientVersion=3 eglError=0x3000
2026-07-20T20:57:55.770 I pid=20741 tid=20779 [M64P-QuestVR] Resolved EGLConfig id=9 handle=0xb4000075c0e94560 surfaceType=0x15a5 renderableType=0x45 rgba=8/8/8/8 pbuffer=1 surfacelessExtension=1
2026-07-20T20:57:55.770 I pid=20741 tid=20779 [M64P-QuestVR] Moved OpenXR EGL context 0xb4000075c7f1e680 from Android window 0xb4000075c7f1ea00 to pbuffer 0xb4000075c7f1ec00 (config=9)
2026-07-20T20:57:55.770 I pid=20741 tid=20779 [M64P-QuestVR] EGL bootstrap[parked-pbuffer] tid=20779 display=0xb40000768c532b40 context=0xb4000075c7f1e680 draw=0xb4000075c7f1ec00 read=0xb4000075c7f1ec00 configId=9 clientVersion=3 eglError=0x3000
2026-07-20T20:57:55.771+1000 I pid=20741 tid=20779 thread=Render thread [QuestVrBridge] OpenXR EGL context parked before session creation
2026-07-20T20:57:55.771+1000 I pid=20741 tid=20779 thread=Render thread [QuestVrBridge] Android immersive window is attached, shown, and focused
2026-07-20T20:57:55.772 I pid=20741 tid=20779 [M64P-QuestVR] OpenXR initialization entry tid=20779 JavaVM=0xb40000768c4b5540 Activity(global)=0x34e6
2026-07-20T20:57:55.772 I pid=20741 tid=20779 [M64P-QuestVR] EGL[nativeInitialize-entry] tid=20779 display=0xb40000768c532b40 context=0xb4000075c7f1e680 draw=0xb4000075c7f1ec00 read=0xb4000075c7f1ec00 config=0xb4000075c0e94560 id=9 client=3 surfaceType=0x15a5 renderable=0x45 rgba=8/8/8/8 GL_VERSION=OpenGL ES 3.2 V@0837.0.7 (GIT@3dbacedba8, I13e643cb5c, 1768227585) (Date:01/12/26) GL_RENDERER=Adreno (TM) 740
2026-07-20T20:57:55.773 I pid=20741 tid=20779 [M64P-QuestVR] xrGetInstanceProcAddr(xrInitializeLoaderKHR) -> 0 function=0x75656c6d18
2026-07-20T20:57:55.774 I pid=20741 tid=20779 [M64P-QuestVR] xrInitializeLoaderKHR -> 0 (XrResult(0))
2026-07-20T20:57:55.848 I pid=20741 tid=20779 [M64P-QuestVR] xrEnumerateInstanceExtensionProperties(count) -> 0 (XrResult(0))
2026-07-20T20:57:55.849 I pid=20741 tid=20779 [M64P-QuestVR] xrEnumerateInstanceExtensionProperties -> 0 (XrResult(0))
2026-07-20T20:57:55.849 I pid=20741 tid=20779 [M64P-QuestVR] Required OpenXR extension available: XR_KHR_android_create_instance version=3
2026-07-20T20:57:55.849 I pid=20741 tid=20779 [M64P-QuestVR] Required OpenXR extension available: XR_KHR_opengl_es_enable version=10
2026-07-20T20:57:55.857+1000 I pid=20741 tid=20741 thread=main [GameActivity] onWindowFocusChanged hasFocus=false
2026-07-20T20:57:55.894 I pid=20741 tid=20779 [M64P-QuestVR] xrCreateInstance -> 0 (XR_SUCCESS)
2026-07-20T20:57:55.894 I pid=20741 tid=20779 [M64P-QuestVR] xrGetInstanceProperties -> 0 (XR_SUCCESS)
2026-07-20T20:57:55.894 I pid=20741 tid=20779 [M64P-QuestVR] OpenXR runtime: Oculus 205.206.0
2026-07-20T20:57:55.894 I pid=20741 tid=20779 [M64P-QuestVR] xrGetSystem -> 0 (XR_SUCCESS)
2026-07-20T20:57:55.894 I pid=20741 tid=20779 [M64P-QuestVR] xrGetSystemProperties -> 0 (XR_SUCCESS)
2026-07-20T20:57:55.894 I pid=20741 tid=20779 [M64P-QuestVR] OpenXR system id=15992298772902969345 name=Meta Quest 3S vendor=10291 maxLayerCount=32 maxSwapchain=8192x8192 trackingOrientation=1 trackingPosition=1
2026-07-20T20:57:55.894 I pid=20741 tid=20779 [M64P-QuestVR] xrEnumerateEnvironmentBlendModes(count) -> 0 (XR_SUCCESS)
2026-07-20T20:57:55.894 I pid=20741 tid=20779 [M64P-QuestVR] xrEnumerateEnvironmentBlendModes -> 0 (XR_SUCCESS)
2026-07-20T20:57:55.894 I pid=20741 tid=20779 [M64P-QuestVR] Selected OpenXR environment blend mode OPAQUE from 1 advertised modes
2026-07-20T20:57:55.894 I pid=20741 tid=20779 [M64P-QuestVR] xrGetInstanceProcAddr(xrGetOpenGLESGraphicsRequirementsKHR) -> 0 (XR_SUCCESS)
2026-07-20T20:57:55.894 I pid=20741 tid=20779 [M64P-QuestVR] xrGetOpenGLESGraphicsRequirementsKHR -> 0 (XR_SUCCESS)
2026-07-20T20:57:55.894 I pid=20741 tid=20779 [M64P-QuestVR] OpenXR GLES requirements min=3.0.0 max=3.2.0
2026-07-20T20:57:55.895 I pid=20741 tid=20779 [M64P-QuestVR] EGL[pre-xrCreateSession] tid=20779 display=0xb40000768c532b40 context=0xb4000075c7f1e680 draw=0xb4000075c7f1ec00 read=0xb4000075c7f1ec00 config=0xb4000075c0e94560 id=9 client=3 surfaceType=0x15a5 renderable=0x45 rgba=8/8/8/8 GL_VERSION=OpenGL ES 3.2 V@0837.0.7 (GIT@3dbacedba8, I13e643cb5c, 1768227585) (Date:01/12/26) GL_RENDERER=Adreno (TM) 740
2026-07-20T20:57:55.895 I pid=20741 tid=20779 [M64P-QuestVR] OpenXR GLES binding display=0xb40000768c532b40 config=0xb4000075c0e94560 configId=9 context=0xb4000075c7f1e680 currentThread=20779
2026-07-20T20:57:55.959 I pid=20741 tid=20779 [M64P-QuestVR] xrCreateSession -> 0 (XR_SUCCESS)
2026-07-20T20:57:55.959 I pid=20741 tid=20779 [M64P-QuestVR] xrCreateActionSet(N64 controller) -> 0 (XR_SUCCESS)
2026-07-20T20:57:55.959 I pid=20741 tid=20779 [M64P-QuestVR] left_stick -> 0 (XR_SUCCESS)
2026-07-20T20:57:55.959 I pid=20741 tid=20779 [M64P-QuestVR] right_stick -> 0 (XR_SUCCESS)
2026-07-20T20:57:55.959 I pid=20741 tid=20779 [M64P-QuestVR] button_a -> 0 (XR_SUCCESS)
2026-07-20T20:57:55.959 I pid=20741 tid=20779 [M64P-QuestVR] button_b -> 0 (XR_SUCCESS)
2026-07-20T20:57:55.959 I pid=20741 tid=20779 [M64P-QuestVR] button_x -> 0 (XR_SUCCESS)
2026-07-20T20:57:55.959 I pid=20741 tid=20779 [M64P-QuestVR] button_y -> 0 (XR_SUCCESS)
2026-07-20T20:57:55.959 I pid=20741 tid=20779 [M64P-QuestVR] left_trigger -> 0 (XR_SUCCESS)
2026-07-20T20:57:55.959 I pid=20741 tid=20779 [M64P-QuestVR] right_trigger -> 0 (XR_SUCCESS)
2026-07-20T20:57:55.959 I pid=20741 tid=20779 [M64P-QuestVR] left_squeeze -> 0 (XR_SUCCESS)
2026-07-20T20:57:55.959 I pid=20741 tid=20779 [M64P-QuestVR] right_squeeze -> 0 (XR_SUCCESS)
2026-07-20T20:57:55.959 I pid=20741 tid=20779 [M64P-QuestVR] left_stick_click -> 0 (XR_SUCCESS)
2026-07-20T20:57:55.959 I pid=20741 tid=20779 [M64P-QuestVR] right_stick_click -> 0 (XR_SUCCESS)
2026-07-20T20:57:55.959 I pid=20741 tid=20779 [M64P-QuestVR] /user/hand/left/input/thumbstick -> 0 (XR_SUCCESS)
2026-07-20T20:57:55.959 I pid=20741 tid=20779 [M64P-QuestVR] /user/hand/right/input/thumbstick -> 0 (XR_SUCCESS)
2026-07-20T20:57:55.959 I pid=20741 tid=20779 [M64P-QuestVR] /user/hand/right/input/a/click -> 0 (XR_SUCCESS)
2026-07-20T20:57:55.959 I pid=20741 tid=20779 [M64P-QuestVR] /user/hand/right/input/b/click -> 0 (XR_SUCCESS)
2026-07-20T20:57:55.959 I pid=20741 tid=20779 [M64P-QuestVR] /user/hand/left/input/x/click -> 0 (XR_SUCCESS)
2026-07-20T20:57:55.959 I pid=20741 tid=20779 [M64P-QuestVR] /user/hand/left/input/y/click -> 0 (XR_SUCCESS)
2026-07-20T20:57:55.959 I pid=20741 tid=20779 [M64P-QuestVR] /user/hand/left/input/trigger/value -> 0 (XR_SUCCESS)
2026-07-20T20:57:55.959 I pid=20741 tid=20779 [M64P-QuestVR] /user/hand/right/input/trigger/value -> 0 (XR_SUCCESS)
2026-07-20T20:57:55.959 I pid=20741 tid=20779 [M64P-QuestVR] /user/hand/left/input/squeeze/value -> 0 (XR_SUCCESS)
2026-07-20T20:57:55.959 I pid=20741 tid=20779 [M64P-QuestVR] /user/hand/right/input/squeeze/value -> 0 (XR_SUCCESS)
2026-07-20T20:57:55.959 I pid=20741 tid=20779 [M64P-QuestVR] /user/hand/left/input/thumbstick/click -> 0 (XR_SUCCESS)
2026-07-20T20:57:55.959 I pid=20741 tid=20779 [M64P-QuestVR] /user/hand/right/input/thumbstick/click -> 0 (XR_SUCCESS)
2026-07-20T20:57:55.959 I pid=20741 tid=20779 [M64P-QuestVR] Oculus Touch interaction profile -> 0 (XR_SUCCESS)
2026-07-20T20:57:55.959 I pid=20741 tid=20779 [M64P-QuestVR] xrSuggestInteractionProfileBindings(Oculus Touch) -> 0 (XR_SUCCESS)
2026-07-20T20:57:55.959 I pid=20741 tid=20779 [M64P-QuestVR] xrAttachSessionActionSets -> 0 (XR_SUCCESS)
2026-07-20T20:57:55.959 I pid=20741 tid=20779 [M64P-QuestVR] OpenXR Touch actions attached for N64 controller fallback
2026-07-20T20:57:55.959 I pid=20741 tid=20779 [M64P-QuestVR] xrCreateReferenceSpace -> 0 (XR_SUCCESS)
2026-07-20T20:57:55.959 I pid=20741 tid=20779 [M64P-QuestVR] xrCreateReferenceSpace(VIEW) -> 0 (XR_SUCCESS)
2026-07-20T20:57:55.959 I pid=20741 tid=20779 [M64P-QuestVR] xrEnumerateViewConfigurationViews(count) -> 0 (XR_SUCCESS)
2026-07-20T20:57:55.959 I pid=20741 tid=20779 [M64P-QuestVR] xrEnumerateViewConfigurationViews -> 0 (XR_SUCCESS)
2026-07-20T20:57:55.959 I pid=20741 tid=20779 [M64P-QuestVR] xrEnumerateSwapchainFormats(count) -> 0 (XR_SUCCESS)
2026-07-20T20:57:55.959 I pid=20741 tid=20779 [M64P-QuestVR] xrEnumerateSwapchainFormats -> 0 (XR_SUCCESS)
2026-07-20T20:57:55.959 I pid=20741 tid=20779 [M64P-QuestVR] OpenXR GLES swapchain formats (70): 36798,35907,33321,33323,32856,36756,36757,36759,36797,33322,33324,32859,36760,36761,36763,33332,33338,36214,33331,33337,36232,33325,33327,34842,33326,32854,32855,36196,37492,37494,37496,37493,37495,37497,37488,37490,37489,37491,37808,37809,37810,37811,37812,37813,37814,37815,37816,37817,37818,37819,37820,37821,37840,37841,37842,37843,37844,37845,37846,37847,37848,37849,37850,37851,37852,37853,33189,33190,36012,35056
2026-07-20T20:57:55.959 I pid=20741 tid=20779 [M64P-QuestVR] Selected OpenXR GLES swapchain format 32856
2026-07-20T20:57:55.959 I pid=20741 tid=20779 [M64P-QuestVR] View 0 recommended=1680x1760 max=8192x8192 samples=1 maxSamples=1
2026-07-20T20:57:55.965 I pid=20741 tid=20779 [M64P-QuestVR] xrCreateSwapchain -> 0 (XR_SUCCESS)
2026-07-20T20:57:55.965 I pid=20741 tid=20779 [M64P-QuestVR] xrEnumerateSwapchainImages(count) -> 0 (XR_SUCCESS)
2026-07-20T20:57:55.965 I pid=20741 tid=20779 [M64P-QuestVR] xrEnumerateSwapchainImages -> 0 (XR_SUCCESS)
2026-07-20T20:57:55.965 I pid=20741 tid=20779 [M64P-QuestVR] Created eye 0 swapchain handle=0x17 size=1680x1760 images=3 format=32856
2026-07-20T20:57:55.965 I pid=20741 tid=20779 [M64P-QuestVR] View 1 recommended=1680x1760 max=8192x8192 samples=1 maxSamples=1
2026-07-20T20:57:55.970 I pid=20741 tid=20779 [M64P-QuestVR] xrCreateSwapchain -> 0 (XR_SUCCESS)
2026-07-20T20:57:55.970 I pid=20741 tid=20779 [M64P-QuestVR] xrEnumerateSwapchainImages(count) -> 0 (XR_SUCCESS)
2026-07-20T20:57:55.970 I pid=20741 tid=20779 [M64P-QuestVR] xrEnumerateSwapchainImages -> 0 (XR_SUCCESS)
2026-07-20T20:57:55.970 I pid=20741 tid=20779 [M64P-QuestVR] Created eye 1 swapchain handle=0x18 size=1680x1760 images=3 format=32856
2026-07-20T20:57:55.970 I pid=20741 tid=20779 [M64P-QuestVR] Created OpenXR diagnostic framebuffer object 1
2026-07-20T20:57:55.980+1000 I pid=20741 tid=20775 thread=ServiceStartArguments [NativeConfigFiles] Writing renderer target ScreenWidth=2688 ScreenHeight=1008 pixels=2709504
2026-07-20T20:57:55.981+1000 I pid=20741 tid=20775 thread=ServiceStartArguments [QuestVrSettings] Loaded preferences name=quest_vr containsEnabled=false rawEnabled=null vrEnabled=true entryCount=0 screenDistance=2.0->2.0 screenScale=1.0->1.0 presentation=immersive_projection->immersive_projection explicitPresentation=false legacyAndroidImmersive=true immersiveScale=1.0->1.0 sourceWidthMultiplierV2=2.0->2.0 legacyWidthScale=NaN legacyIgnored=true sourceWidthCap=2688->2688 proofLayers=false
2026-07-20T20:57:55.981+1000 I pid=20741 tid=20775 thread=ServiceStartArguments [NativeConfigFiles] GLideN64 internal resolution requestedNativeFactor=1 effectiveNativeFactor=0 packedQuestVrTarget=true targetAspect=2.6666667 reason=VR SBS uses window-derived per-eye scale
2026-07-20T20:57:55.988 I pid=20741 tid=20779 [M64P-QuestVR] External-OES source blit initialized: program=3 vao=1
2026-07-20T20:57:55.988 I pid=20741 tid=20779 [M64P-QuestVR] OpenXR presentation bridge initialized on GLES 3.2; native presentation mode is selected by configuration before the first submitted frame (proof layers debug-only)
2026-07-20T20:57:55.988+1000 I pid=20741 tid=20779 thread=Render thread [QuestVrBridge] Effective presentation mode=immersive_projection immersiveViewScale=1.0 screenScale=1.0 screenDistance=2.0m startupProofLayers=false stereo=true rotation=1.0 nativeRotation=-1.0
2026-07-20T20:57:55.989 I pid=20741 tid=20779 [M64P-QuestVR] Quest VR configuration presentation=IMMERSIVE_PROJECTION immersiveScale=1.000 stereo=1 swapEyes=0 ipd=0.0640 screenScale=1.000 screenDistance=2.000m proofLayers=0 worldUnits=64.00 rotationUser=-1.00 rotationLateClip=1.00 position=0 maxTranslation=0.150 useOpenXrFov=1 marioKartProfile=1 marioKartOffsetYZ=[0.000 0.000] sourceBlitReady=1 debug=1
2026-07-20T20:57:55.989+1000 I pid=20741 tid=20779 thread=Render thread [GameSurface] OpenXR presentation enabled
2026-07-20T20:57:55.993 I pid=20741 tid=20779 [M64P-QuestVR] xrPollEvent -> 0 (XR_SUCCESS), eventType=40
2026-07-20T20:57:55.993 I pid=20741 tid=20779 [M64P-QuestVR] OpenXR reference-space change pending: type=3 time=11288005488865 poseValid=1
2026-07-20T20:57:55.994 I pid=20741 tid=20779 [M64P-QuestVR] GLideN64 VR bridge is not loaded yet; presenting monoscopic source until it appears
2026-07-20T20:57:55.994 I pid=20741 tid=20779 [M64P-QuestVR] Queued game-screen and GLideN64 recenter after OpenXR reference-space change
2026-07-20T20:57:55.994 I pid=20741 tid=20779 [M64P-QuestVR] xrPollEvent -> 0 (XR_SUCCESS), eventType=18
2026-07-20T20:57:55.994 I pid=20741 tid=20779 [M64P-QuestVR] OpenXR session state changed: session=0x2 time=11288006199594 state=IDLE (1) running=0
2026-07-20T20:57:55.994 I pid=20741 tid=20779 [M64P-QuestVR] xrPollEvent -> 0 (XR_SUCCESS), eventType=18
2026-07-20T20:57:55.994 I pid=20741 tid=20779 [M64P-QuestVR] OpenXR session state changed: session=0x2 time=11288007542355 state=READY (2) running=0
2026-07-20T20:57:56.007+1000 I pid=20741 tid=20775 thread=ServiceStartArguments [NativeConfigFiles] Committed packed Quest GLideN64 UseNativeResolutionFactor=0
2026-07-20T20:57:56.037 I pid=20741 tid=20779 [M64P-QuestVR] xrBeginSession -> 0 (XR_SUCCESS)
2026-07-20T20:57:56.037 I pid=20741 tid=20779 [M64P-QuestVR] OpenXR session began; waiting for compositor visibility
2026-07-20T20:57:56.038 I pid=20741 tid=20779 [M64P-QuestVR] EGL[frame-current] tid=20779 display=0xb40000768c532b40 context=0xb4000075c7f1e680 draw=0xb4000075c7f1ec00 read=0xb4000075c7f1ec00 config=0xb4000075c0e94560 id=9 client=3 surfaceType=0x15a5 renderable=0x45 rgba=8/8/8/8 GL_VERSION=OpenGL ES 3.2 V@0837.0.7 (GIT@3dbacedba8, I13e643cb5c, 1768227585) (Date:01/12/26) GL_RENDERER=Adreno (TM) 740
2026-07-20T20:57:56.038 I pid=20741 tid=20779 [M64P-QuestVR] Connected OpenXR Touch actions to Android N64 input overlay
2026-07-20T20:57:56.048 I pid=20741 tid=20779 [M64P-QuestVR] frame=1 xrWaitFrame -> 0 (XR_SUCCESS)
2026-07-20T20:57:56.048 I pid=20741 tid=20779 [M64P-QuestVR] frame=1 wait complete predictedDisplayTime=11288079912614 predictedPeriod=11111109 shouldRender=1 sessionState=READY
2026-07-20T20:57:56.048 I pid=20741 tid=20779 [M64P-QuestVR] frame=1 xrBeginFrame -> 0 (XR_SUCCESS)
2026-07-20T20:57:56.048 I pid=20741 tid=20779 [M64P-QuestVR] frame=1 xrLocateViews -> 0 (XR_SUCCESS)
2026-07-20T20:57:56.049 I pid=20741 tid=20779 [M64P-QuestVR] frame=1 located eye=0 pose=[q -0.0066 0.0184 0.0057 -0.9998, p -0.0245 0.0016 0.0041] fov=[L -0.8552 R 0.7854 U 0.8378 D -0.8727] flags=0xf
2026-07-20T20:57:56.049 I pid=20741 tid=20779 [M64P-QuestVR] frame=1 located eye=1 pose=[q -0.0066 0.0184 0.0057 -0.9998, p 0.0403 0.0009 0.0065] fov=[L -0.7854 R 0.8552 U 0.8378 D -0.8727] flags=0xf
2026-07-20T20:57:56.049 W pid=20741 tid=20779 [M64P-QuestVR] IMMERSIVE_PROJECTION waiting for emulator source: blitReady=1 texture=0 latchCalls=0 newFrames=0; submitting a black layer
2026-07-20T20:57:56.049 I pid=20741 tid=20779 [M64P-QuestVR] frame=1 xrAcquireSwapchainImage -> 0 (XR_SUCCESS)
2026-07-20T20:57:56.049 I pid=20741 tid=20779 [M64P-QuestVR] frame=1 eye=0 acquired swapchain=0x17 imageIndex=0 texture=1 size=1680x1760
2026-07-20T20:57:56.049 I pid=20741 tid=20779 [M64P-QuestVR] frame=1 xrWaitSwapchainImage -> 0 (XR_SUCCESS)
2026-07-20T20:57:56.050 I pid=20741 tid=20779 [M64P-QuestVR] frame=1 xrReleaseSwapchainImage -> 0 (XR_SUCCESS)
2026-07-20T20:57:56.050 I pid=20741 tid=20779 [M64P-QuestVR] frame=1 immersiveProjectionView=0 sourceEye=0 poseSource=CURRENT poseAge=-1.00ms swapchain=0x17 rect=[0,0 1680x1760] array=0 pose=[q -0.0066 0.0184 0.0057 -0.9998, p -0.0245 0.0016 0.0041] fov=[L -0.8552 R 0.7854 U 0.8378 D -0.8727] source=0x0 perEye=0x0 ready=0
2026-07-20T20:57:56.050 I pid=20741 tid=20779 [M64P-QuestVR] frame=1 xrAcquireSwapchainImage -> 0 (XR_SUCCESS)
2026-07-20T20:57:56.050 I pid=20741 tid=20779 [M64P-QuestVR] frame=1 eye=1 acquired swapchain=0x18 imageIndex=0 texture=4 size=1680x1760
2026-07-20T20:57:56.050 I pid=20741 tid=20779 [M64P-QuestVR] frame=1 xrWaitSwapchainImage -> 0 (XR_SUCCESS)
2026-07-20T20:57:56.050 I pid=20741 tid=20779 [M64P-QuestVR] frame=1 xrReleaseSwapchainImage -> 0 (XR_SUCCESS)
2026-07-20T20:57:56.050 I pid=20741 tid=20779 [M64P-QuestVR] frame=1 immersiveProjectionView=1 sourceEye=1 poseSource=CURRENT poseAge=-1.00ms swapchain=0x18 rect=[0,0 1680x1760] array=0 pose=[q -0.0066 0.0184 0.0057 -0.9998, p 0.0403 0.0009 0.0065] fov=[L -0.7854 R 0.8552 U 0.8378 D -0.8727] source=0x0 perEye=0x0 ready=0
2026-07-20T20:57:56.050 I pid=20741 tid=20779 [M64P-QuestVR] frame=1 xrEndFrame input displayTime=11288079912614 blendMode=1 layerCount=1 content=SOURCE_TEXTURE presentation=IMMERSIVE_PROJECTION layerPtr=0x75557f0f80
2026-07-20T20:57:56.054 I pid=20741 tid=20779 [M64P-QuestVR] frame=1 xrEndFrame -> 0 (XR_SUCCESS)
2026-07-20T20:57:56.065 I pid=20741 tid=20779 [M64P-QuestVR] xrPollEvent -> 0 (XR_SUCCESS), eventType=18
2026-07-20T20:57:56.065 I pid=20741 tid=20779 [M64P-QuestVR] OpenXR session state changed: session=0x2 time=11288070046840 state=SYNCHRONIZED (3) running=1
2026-07-20T20:57:56.082 I pid=20741 tid=20779 [M64P-QuestVR] xrPollEvent -> 0 (XR_SUCCESS), eventType=18
2026-07-20T20:57:56.082 I pid=20741 tid=20779 [M64P-QuestVR] OpenXR session state changed: session=0x2 time=11288081633143 state=VISIBLE (4) running=1
2026-07-20T20:57:56.082 I pid=20741 tid=20779 [M64P-QuestVR] EGL[frame-current] tid=20779 display=0xb40000768c532b40 context=0xb4000075c7f1e680 draw=0xb4000075c7f1ec00 read=0xb4000075c7f1ec00 config=0xb4000075c0e94560 id=9 client=3 surfaceType=0x15a5 renderable=0x45 rgba=8/8/8/8 GL_VERSION=OpenGL ES 3.2 V@0837.0.7 (GIT@3dbacedba8, I13e643cb5c, 1768227585) (Date:01/12/26) GL_RENDERER=Adreno (TM) 740
2026-07-20T20:57:56.082 I pid=20741 tid=20779 [M64P-QuestVR] frame=2 xrWaitFrame -> 0 (XR_SUCCESS)
2026-07-20T20:57:56.082 I pid=20741 tid=20779 [M64P-QuestVR] frame=2 wait complete predictedDisplayTime=11288129956944 predictedPeriod=13888888 shouldRender=1 sessionState=VISIBLE
2026-07-20T20:57:56.082 I pid=20741 tid=20779 [M64P-QuestVR] frame=2 xrBeginFrame -> 0 (XR_SUCCESS)
2026-07-20T20:57:56.082 I pid=20741 tid=20779 [M64P-QuestVR] frame=2 xrLocateViews -> 0 (XR_SUCCESS)
2026-07-20T20:57:56.084 I pid=20741 tid=20779 [M64P-QuestVR] frame=2 located eye=0 pose=[q -0.0005 0.0283 0.0071 -0.9996, p -0.0211 0.0015 0.0051] fov=[L -0.8552 R 0.7854 U 0.8378 D -0.8727] flags=0xf
2026-07-20T20:57:56.084 I pid=20741 tid=20779 [M64P-QuestVR] frame=2 located eye=1 pose=[q -0.0005 0.0283 0.0071 -0.9996, p 0.0436 0.0005 0.0088] fov=[L -0.7854 R 0.8552 U 0.8378 D -0.8727] flags=0xf
2026-07-20T20:57:56.084 W pid=20741 tid=20779 [M64P-QuestVR] IMMERSIVE_PROJECTION waiting for emulator source: blitReady=1 texture=0 latchCalls=0 newFrames=0; submitting a black layer
2026-07-20T20:57:56.084 I pid=20741 tid=20779 [M64P-QuestVR] frame=2 xrAcquireSwapchainImage -> 0 (XR_SUCCESS)
2026-07-20T20:57:56.084 I pid=20741 tid=20779 [M64P-QuestVR] frame=2 eye=0 acquired swapchain=0x17 imageIndex=1 texture=2 size=1680x1760
2026-07-20T20:57:56.084 I pid=20741 tid=20779 [M64P-QuestVR] frame=2 xrWaitSwapchainImage -> 0 (XR_SUCCESS)
2026-07-20T20:57:56.084 I pid=20741 tid=20779 [M64P-QuestVR] frame=2 xrReleaseSwapchainImage -> 0 (XR_SUCCESS)
2026-07-20T20:57:56.084 I pid=20741 tid=20779 [M64P-QuestVR] frame=2 immersiveProjectionView=0 sourceEye=0 poseSource=CURRENT poseAge=-1.00ms swapchain=0x17 rect=[0,0 1680x1760] array=0 pose=[q -0.0005 0.0283 0.0071 -0.9996, p -0.0211 0.0015 0.0051] fov=[L -0.8552 R 0.7854 U 0.8378 D -0.8727] source=0x0 perEye=0x0 ready=0
2026-07-20T20:57:56.084 I pid=20741 tid=20779 [M64P-QuestVR] frame=2 xrAcquireSwapchainImage -> 0 (XR_SUCCESS)
2026-07-20T20:57:56.084 I pid=20741 tid=20779 [M64P-QuestVR] frame=2 eye=1 acquired swapchain=0x18 imageIndex=1 texture=5 size=1680x1760
2026-07-20T20:57:56.084 I pid=20741 tid=20779 [M64P-QuestVR] frame=2 xrWaitSwapchainImage -> 0 (XR_SUCCESS)
2026-07-20T20:57:56.084 I pid=20741 tid=20779 [M64P-QuestVR] frame=2 xrReleaseSwapchainImage -> 0 (XR_SUCCESS)
2026-07-20T20:57:56.084 I pid=20741 tid=20779 [M64P-QuestVR] frame=2 immersiveProjectionView=1 sourceEye=1 poseSource=CURRENT poseAge=-1.00ms swapchain=0x18 rect=[0,0 1680x1760] array=0 pose=[q -0.0005 0.0283 0.0071 -0.9996, p 0.0436 0.0005 0.0088] fov=[L -0.7854 R 0.8552 U 0.8378 D -0.8727] source=0x0 perEye=0x0 ready=0
2026-07-20T20:57:56.084 I pid=20741 tid=20779 [M64P-QuestVR] frame=2 xrEndFrame input displayTime=11288129956944 blendMode=1 layerCount=1 content=SOURCE_TEXTURE presentation=IMMERSIVE_PROJECTION layerPtr=0x75557f0f80
2026-07-20T20:57:56.085 I pid=20741 tid=20779 [M64P-QuestVR] frame=2 xrEndFrame -> 0 (XR_SUCCESS)
2026-07-20T20:57:56.085 I pid=20741 tid=20779 [M64P-QuestVR] First VISIBLE OpenXR layer submitted: presentation=IMMERSIVE_PROJECTION (proof layers disabled)
2026-07-20T20:57:56.085 I pid=20741 tid=20779 [M64P-QuestVR] EGL[frame-current] tid=20779 display=0xb40000768c532b40 context=0xb4000075c7f1e680 draw=0xb4000075c7f1ec00 read=0xb4000075c7f1ec00 config=0xb4000075c0e94560 id=9 client=3 surfaceType=0x15a5 renderable=0x45 rgba=8/8/8/8 GL_VERSION=OpenGL ES 3.2 V@0837.0.7 (GIT@3dbacedba8, I13e643cb5c, 1768227585) (Date:01/12/26) GL_RENDERER=Adreno (TM) 740
2026-07-20T20:57:56.090 I pid=20741 tid=20779 [M64P-QuestVR] frame=3 xrWaitFrame -> 0 (XR_SUCCESS)
2026-07-20T20:57:56.090 I pid=20741 tid=20779 [M64P-QuestVR] frame=3 wait complete predictedDisplayTime=11288143845834 predictedPeriod=13888888 shouldRender=1 sessionState=VISIBLE
2026-07-20T20:57:56.090 I pid=20741 tid=20779 [M64P-QuestVR] frame=3 xrBeginFrame -> 0 (XR_SUCCESS)
2026-07-20T20:57:56.090 I pid=20741 tid=20779 [M64P-QuestVR] frame=3 xrLocateViews -> 0 (XR_SUCCESS)
2026-07-20T20:57:56.091 I pid=20741 tid=20779 [M64P-QuestVR] frame=3 located eye=0 pose=[q 0.0013 0.0316 0.0079 -0.9995, p -0.0200 0.0015 0.0054] fov=[L -0.8552 R 0.7854 U 0.8378 D -0.8727] flags=0xf
2026-07-20T20:57:56.091 I pid=20741 tid=20779 [M64P-QuestVR] frame=3 located eye=1 pose=[q 0.0013 0.0316 0.0079 -0.9995, p 0.0447 0.0005 0.0095] fov=[L -0.7854 R 0.8552 U 0.8378 D -0.8727] flags=0xf
2026-07-20T20:57:56.091 W pid=20741 tid=20779 [M64P-QuestVR] IMMERSIVE_PROJECTION waiting for emulator source: blitReady=1 texture=0 latchCalls=0 newFrames=0; submitting a black layer
2026-07-20T20:57:56.091 I pid=20741 tid=20779 [M64P-QuestVR] frame=3 xrAcquireSwapchainImage -> 0 (XR_SUCCESS)
2026-07-20T20:57:56.091 I pid=20741 tid=20779 [M64P-QuestVR] frame=3 eye=0 acquired swapchain=0x17 imageIndex=2 texture=3 size=1680x1760
2026-07-20T20:57:56.091 I pid=20741 tid=20779 [M64P-QuestVR] frame=3 xrWaitSwapchainImage -> 0 (XR_SUCCESS)
2026-07-20T20:57:56.092 I pid=20741 tid=20779 [M64P-QuestVR] frame=3 xrReleaseSwapchainImage -> 0 (XR_SUCCESS)
2026-07-20T20:57:56.092 I pid=20741 tid=20779 [M64P-QuestVR] frame=3 immersiveProjectionView=0 sourceEye=0 poseSource=CURRENT poseAge=-1.00ms swapchain=0x17 rect=[0,0 1680x1760] array=0 pose=[q 0.0013 0.0316 0.0079 -0.9995, p -0.0200 0.0015 0.0054] fov=[L -0.8552 R 0.7854 U 0.8378 D -0.8727] source=0x0 perEye=0x0 ready=0
2026-07-20T20:57:56.092 I pid=20741 tid=20779 [M64P-QuestVR] frame=3 xrAcquireSwapchainImage -> 0 (XR_SUCCESS)
2026-07-20T20:57:56.092 I pid=20741 tid=20779 [M64P-QuestVR] frame=3 eye=1 acquired swapchain=0x18 imageIndex=2 texture=6 size=1680x1760
2026-07-20T20:57:56.092 I pid=20741 tid=20779 [M64P-QuestVR] frame=3 xrWaitSwapchainImage -> 0 (XR_SUCCESS)
2026-07-20T20:57:56.092 I pid=20741 tid=20779 [M64P-QuestVR] frame=3 xrReleaseSwapchainImage -> 0 (XR_SUCCESS)
2026-07-20T20:57:56.093 I pid=20741 tid=20779 [M64P-QuestVR] frame=3 immersiveProjectionView=1 sourceEye=1 poseSource=CURRENT poseAge=-1.00ms swapchain=0x18 rect=[0,0 1680x1760] array=0 pose=[q 0.0013 0.0316 0.0079 -0.9995, p 0.0447 0.0005 0.0095] fov=[L -0.7854 R 0.8552 U 0.8378 D -0.8727] source=0x0 perEye=0x0 ready=0
2026-07-20T20:57:56.093 I pid=20741 tid=20779 [M64P-QuestVR] frame=3 xrEndFrame input displayTime=11288143845834 blendMode=1 layerCount=1 content=SOURCE_TEXTURE presentation=IMMERSIVE_PROJECTION layerPtr=0x75557f0f80
2026-07-20T20:57:56.096 I pid=20741 tid=20779 [M64P-QuestVR] frame=3 xrEndFrame -> 0 (XR_SUCCESS)
2026-07-20T20:57:56.097 I pid=20741 tid=20779 [M64P-QuestVR] EGL[frame-current] tid=20779 display=0xb40000768c532b40 context=0xb4000075c7f1e680 draw=0xb4000075c7f1ec00 read=0xb4000075c7f1ec00 config=0xb4000075c0e94560 id=9 client=3 surfaceType=0x15a5 renderable=0x45 rgba=8/8/8/8 GL_VERSION=OpenGL ES 3.2 V@0837.0.7 (GIT@3dbacedba8, I13e643cb5c, 1768227585) (Date:01/12/26) GL_RENDERER=Adreno (TM) 740
2026-07-20T20:57:56.097 I pid=20741 tid=20779 [M64P-QuestVR] frame=4 xrWaitFrame -> 0 (XR_SUCCESS)
2026-07-20T20:57:56.097 I pid=20741 tid=20779 [M64P-QuestVR] frame=4 wait complete predictedDisplayTime=11288157732288 predictedPeriod=13888683 shouldRender=1 sessionState=VISIBLE
2026-07-20T20:57:56.097 I pid=20741 tid=20779 [M64P-QuestVR] frame=4 xrBeginFrame -> 0 (XR_SUCCESS)
2026-07-20T20:57:56.097 I pid=20741 tid=20779 [M64P-QuestVR] frame=4 xrLocateViews -> 0 (XR_SUCCESS)
2026-07-20T20:57:56.098 I pid=20741 tid=20779 [M64P-QuestVR] frame=4 located eye=0 pose=[q 0.0027 0.0354 0.0086 -0.9993, p -0.0179 0.0014 0.0056] fov=[L -0.8552 R 0.7854 U 0.8378 D -0.8727] flags=0xf
2026-07-20T20:57:56.098 I pid=20741 tid=20779 [M64P-QuestVR] frame=4 located eye=1 pose=[q 0.0027 0.0354 0.0086 -0.9993, p 0.0450 0.0003 0.0100] fov=[L -0.7854 R 0.8552 U 0.8378 D -0.8727] flags=0xf
2026-07-20T20:57:56.098 W pid=20741 tid=20779 [M64P-QuestVR] IMMERSIVE_PROJECTION waiting for emulator source: blitReady=1 texture=0 latchCalls=0 newFrames=0; submitting a black layer
2026-07-20T20:57:56.098 I pid=20741 tid=20779 [M64P-QuestVR] frame=4 xrAcquireSwapchainImage -> 0 (XR_SUCCESS)
2026-07-20T20:57:56.098 I pid=20741 tid=20779 [M64P-QuestVR] frame=4 eye=0 acquired swapchain=0x17 imageIndex=0 texture=1 size=1680x1760
2026-07-20T20:57:56.098 I pid=20741 tid=20779 [M64P-QuestVR] frame=4 xrWaitSwapchainImage -> 0 (XR_SUCCESS)
2026-07-20T20:57:56.098 I pid=20741 tid=20779 [M64P-QuestVR] frame=4 xrReleaseSwapchainImage -> 0 (XR_SUCCESS)
2026-07-20T20:57:56.098 I pid=20741 tid=20779 [M64P-QuestVR] frame=4 immersiveProjectionView=0 sourceEye=0 poseSource=CURRENT poseAge=-1.00ms swapchain=0x17 rect=[0,0 1680x1760] array=0 pose=[q 0.0027 0.0354 0.0086 -0.9993, p -0.0179 0.0014 0.0056] fov=[L -0.8552 R 0.7854 U 0.8378 D -0.8727] source=0x0 perEye=0x0 ready=0
2026-07-20T20:57:56.098 I pid=20741 tid=20779 [M64P-QuestVR] frame=4 xrAcquireSwapchainImage -> 0 (XR_SUCCESS)
2026-07-20T20:57:56.098 I pid=20741 tid=20779 [M64P-QuestVR] frame=4 eye=1 acquired swapchain=0x18 imageIndex=0 texture=4 size=1680x1760
2026-07-20T20:57:56.098 I pid=20741 tid=20779 [M64P-QuestVR] frame=4 xrWaitSwapchainImage -> 0 (XR_SUCCESS)
2026-07-20T20:57:56.098 I pid=20741 tid=20779 [M64P-QuestVR] frame=4 xrReleaseSwapchainImage -> 0 (XR_SUCCESS)
2026-07-20T20:57:56.098 I pid=20741 tid=20779 [M64P-QuestVR] frame=4 immersiveProjectionView=1 sourceEye=1 poseSource=CURRENT poseAge=-1.00ms swapchain=0x18 rect=[0,0 1680x1760] array=0 pose=[q 0.0027 0.0354 0.0086 -0.9993, p 0.0450 0.0003 0.0100] fov=[L -0.7854 R 0.8552 U 0.8378 D -0.8727] source=0x0 perEye=0x0 ready=0
2026-07-20T20:57:56.098 I pid=20741 tid=20779 [M64P-QuestVR] frame=4 xrEndFrame input displayTime=11288157732288 blendMode=1 layerCount=1 content=SOURCE_TEXTURE presentation=IMMERSIVE_PROJECTION layerPtr=0x75557f0f80
2026-07-20T20:57:56.098 I pid=20741 tid=20779 [M64P-QuestVR] frame=4 xrEndFrame -> 0 (XR_SUCCESS)
2026-07-20T20:57:56.099 I pid=20741 tid=20779 [M64P-QuestVR] EGL[frame-current] tid=20779 display=0xb40000768c532b40 context=0xb4000075c7f1e680 draw=0xb4000075c7f1ec00 read=0xb4000075c7f1ec00 config=0xb4000075c0e94560 id=9 client=3 surfaceType=0x15a5 renderable=0x45 rgba=8/8/8/8 GL_VERSION=OpenGL ES 3.2 V@0837.0.7 (GIT@3dbacedba8, I13e643cb5c, 1768227585) (Date:01/12/26) GL_RENDERER=Adreno (TM) 740
2026-07-20T20:57:56.112 I pid=20741 tid=20779 [M64P-QuestVR] frame=5 xrWaitFrame -> 0 (XR_SUCCESS)
2026-07-20T20:57:56.112 I pid=20741 tid=20779 [M64P-QuestVR] frame=5 wait complete predictedDisplayTime=11288171620971 predictedPeriod=13888683 shouldRender=1 sessionState=VISIBLE
2026-07-20T20:57:56.112 I pid=20741 tid=20779 [M64P-QuestVR] frame=5 xrBeginFrame -> 0 (XR_SUCCESS)
2026-07-20T20:57:56.112 I pid=20741 tid=20779 [M64P-QuestVR] frame=5 xrLocateViews -> 0 (XR_SUCCESS)
2026-07-20T20:57:56.113 I pid=20741 tid=20779 [M64P-QuestVR] frame=5 located eye=0 pose=[q 0.0042 0.0400 0.0096 -0.9991, p -0.0164 0.0014 0.0058] fov=[L -0.8552 R 0.7854 U 0.8378 D -0.8727] flags=0xf
2026-07-20T20:57:56.113 I pid=20741 tid=20779 [M64P-QuestVR] frame=5 located eye=1 pose=[q 0.0042 0.0400 0.0096 -0.9991, p 0.0464 0.0002 0.0108] fov=[L -0.7854 R 0.8552 U 0.8378 D -0.8727] flags=0xf
2026-07-20T20:57:56.113 W pid=20741 tid=20779 [M64P-QuestVR] IMMERSIVE_PROJECTION waiting for emulator source: blitReady=1 texture=0 latchCalls=0 newFrames=0; submitting a black layer
2026-07-20T20:57:56.113 I pid=20741 tid=20779 [M64P-QuestVR] frame=5 xrAcquireSwapchainImage -> 0 (XR_SUCCESS)
2026-07-20T20:57:56.113 I pid=20741 tid=20779 [M64P-QuestVR] frame=5 eye=0 acquired swapchain=0x17 imageIndex=1 texture=2 size=1680x1760
2026-07-20T20:57:56.113 I pid=20741 tid=20779 [M64P-QuestVR] frame=5 xrWaitSwapchainImage -> 0 (XR_SUCCESS)
2026-07-20T20:57:56.113 I pid=20741 tid=20779 [M64P-QuestVR] frame=5 xrReleaseSwapchainImage -> 0 (XR_SUCCESS)
2026-07-20T20:57:56.113 I pid=20741 tid=20779 [M64P-QuestVR] frame=5 immersiveProjectionView=0 sourceEye=0 poseSource=CURRENT poseAge=-1.00ms swapchain=0x17 rect=[0,0 1680x1760] array=0 pose=[q 0.0042 0.0400 0.0096 -0.9991, p -0.0164 0.0014 0.0058] fov=[L -0.8552 R 0.7854 U 0.8378 D -0.8727] source=0x0 perEye=0x0 ready=0
2026-07-20T20:57:56.113 I pid=20741 tid=20779 [M64P-QuestVR] frame=5 xrAcquireSwapchainImage -> 0 (XR_SUCCESS)
2026-07-20T20:57:56.114 I pid=20741 tid=20779 [M64P-QuestVR] frame=5 eye=1 acquired swapchain=0x18 imageIndex=1 texture=5 size=1680x1760
2026-07-20T20:57:56.114 I pid=20741 tid=20779 [M64P-QuestVR] frame=5 xrWaitSwapchainImage -> 0 (XR_SUCCESS)
2026-07-20T20:57:56.114 I pid=20741 tid=20779 [M64P-QuestVR] frame=5 xrReleaseSwapchainImage -> 0 (XR_SUCCESS)
2026-07-20T20:57:56.114 I pid=20741 tid=20779 [M64P-QuestVR] frame=5 immersiveProjectionView=1 sourceEye=1 poseSource=CURRENT poseAge=-1.00ms swapchain=0x18 rect=[0,0 1680x1760] array=0 pose=[q 0.0042 0.0400 0.0096 -0.9991, p 0.0464 0.0002 0.0108] fov=[L -0.7854 R 0.8552 U 0.8378 D -0.8727] source=0x0 perEye=0x0 ready=0
2026-07-20T20:57:56.114 I pid=20741 tid=20779 [M64P-QuestVR] frame=5 xrEndFrame input displayTime=11288171620971 blendMode=1 layerCount=1 content=SOURCE_TEXTURE presentation=IMMERSIVE_PROJECTION layerPtr=0x75557f0f80
2026-07-20T20:57:56.114 I pid=20741 tid=20779 [M64P-QuestVR] frame=5 xrEndFrame -> 0 (XR_SUCCESS)
2026-07-20T20:57:56.114 I pid=20741 tid=20779 [M64P-QuestVR] EGL[frame-current] tid=20779 display=0xb40000768c532b40 context=0xb4000075c7f1e680 draw=0xb4000075c7f1ec00 read=0xb4000075c7f1ec00 config=0xb4000075c0e94560 id=9 client=3 surfaceType=0x15a5 renderable=0x45 rgba=8/8/8/8 GL_VERSION=OpenGL ES 3.2 V@0837.0.7 (GIT@3dbacedba8, I13e643cb5c, 1768227585) (Date:01/12/26) GL_RENDERER=Adreno (TM) 740
2026-07-20T20:57:56.126 I pid=20741 tid=20779 [M64P-QuestVR] frame=6 xrWaitFrame -> 0 (XR_SUCCESS)
2026-07-20T20:57:56.126 I pid=20741 tid=20779 [M64P-QuestVR] frame=6 wait complete predictedDisplayTime=11288185508128 predictedPeriod=13888676 shouldRender=1 sessionState=VISIBLE
2026-07-20T20:57:56.127 I pid=20741 tid=20779 [M64P-QuestVR] frame=6 xrBeginFrame -> 0 (XR_SUCCESS)
2026-07-20T20:57:56.127 I pid=20741 tid=20779 [M64P-QuestVR] frame=6 xrLocateViews -> 0 (XR_SUCCESS)
2026-07-20T20:57:56.127 I pid=20741 tid=20779 [M64P-QuestVR] frame=6 located eye=0 pose=[q 0.0056 0.0451 0.0101 -0.9989, p -0.0150 0.0010 0.0059] fov=[L -0.8552 R 0.7854 U 0.8378 D -0.8727] flags=0xf
2026-07-20T20:57:56.128 I pid=20741 tid=20779 [M64P-QuestVR] frame=6 located eye=1 pose=[q 0.0056 0.0451 0.0101 -0.9989, p 0.0477 -0.0002 0.0116] fov=[L -0.7854 R 0.8552 U 0.8378 D -0.8727] flags=0xf
2026-07-20T20:57:56.128 W pid=20741 tid=20779 [M64P-QuestVR] IMMERSIVE_PROJECTION waiting for emulator source: blitReady=1 texture=0 latchCalls=0 newFrames=0; submitting a black layer
2026-07-20T20:57:56.128 I pid=20741 tid=20779 [M64P-QuestVR] frame=6 xrAcquireSwapchainImage -> 0 (XR_SUCCESS)
2026-07-20T20:57:56.128 I pid=20741 tid=20779 [M64P-QuestVR] frame=6 eye=0 acquired swapchain=0x17 imageIndex=2 texture=3 size=1680x1760
2026-07-20T20:57:56.128 I pid=20741 tid=20779 [M64P-QuestVR] frame=6 xrWaitSwapchainImage -> 0 (XR_SUCCESS)
2026-07-20T20:57:56.128 I pid=20741 tid=20779 [M64P-QuestVR] frame=6 xrReleaseSwapchainImage -> 0 (XR_SUCCESS)
2026-07-20T20:57:56.128 I pid=20741 tid=20779 [M64P-QuestVR] frame=6 immersiveProjectionView=0 sourceEye=0 poseSource=CURRENT poseAge=-1.00ms swapchain=0x17 rect=[0,0 1680x1760] array=0 pose=[q 0.0056 0.0451 0.0101 -0.9989, p -0.0150 0.0010 0.0059] fov=[L -0.8552 R 0.7854 U 0.8378 D -0.8727] source=0x0 perEye=0x0 ready=0
2026-07-20T20:57:56.128 I pid=20741 tid=20779 [M64P-QuestVR] frame=6 xrAcquireSwapchainImage -> 0 (XR_SUCCESS)
2026-07-20T20:57:56.128 I pid=20741 tid=20779 [M64P-QuestVR] frame=6 eye=1 acquired swapchain=0x18 imageIndex=2 texture=6 size=1680x1760
2026-07-20T20:57:56.128 I pid=20741 tid=20779 [M64P-QuestVR] frame=6 xrWaitSwapchainImage -> 0 (XR_SUCCESS)
2026-07-20T20:57:56.128 I pid=20741 tid=20779 [M64P-QuestVR] frame=6 xrReleaseSwapchainImage -> 0 (XR_SUCCESS)
2026-07-20T20:57:56.128 I pid=20741 tid=20779 [M64P-QuestVR] frame=6 immersiveProjectionView=1 sourceEye=1 poseSource=CURRENT poseAge=-1.00ms swapchain=0x18 rect=[0,0 1680x1760] array=0 pose=[q 0.0056 0.0451 0.0101 -0.9989, p 0.0477 -0.0002 0.0116] fov=[L -0.7854 R 0.8552 U 0.8378 D -0.8727] source=0x0 perEye=0x0 ready=0
2026-07-20T20:57:56.128 I pid=20741 tid=20779 [M64P-QuestVR] frame=6 xrEndFrame input displayTime=11288185508128 blendMode=1 layerCount=1 content=SOURCE_TEXTURE presentation=IMMERSIVE_PROJECTION layerPtr=0x75557f0f80
2026-07-20T20:57:56.128 I pid=20741 tid=20779 [M64P-QuestVR] frame=6 xrEndFrame -> 0 (XR_SUCCESS)
2026-07-20T20:57:56.129 I pid=20741 tid=20779 [M64P-QuestVR] EGL[frame-current] tid=20779 display=0xb40000768c532b40 context=0xb4000075c7f1e680 draw=0xb4000075c7f1ec00 read=0xb4000075c7f1ec00 config=0xb4000075c0e94560 id=9 client=3 surfaceType=0x15a5 renderable=0x45 rgba=8/8/8/8 GL_VERSION=OpenGL ES 3.2 V@0837.0.7 (GIT@3dbacedba8, I13e643cb5c, 1768227585) (Date:01/12/26) GL_RENDERER=Adreno (TM) 740
2026-07-20T20:57:56.140 I pid=20741 tid=20779 [M64P-QuestVR] frame=7 xrWaitFrame -> 0 (XR_SUCCESS)
2026-07-20T20:57:56.140 I pid=20741 tid=20779 [M64P-QuestVR] frame=7 wait complete predictedDisplayTime=11288199395316 predictedPeriod=13888676 shouldRender=1 sessionState=VISIBLE
2026-07-20T20:57:56.140 I pid=20741 tid=20779 [M64P-QuestVR] frame=7 xrBeginFrame -> 0 (XR_SUCCESS)
2026-07-20T20:57:56.140 I pid=20741 tid=20779 [M64P-QuestVR] frame=7 xrLocateViews -> 0 (XR_SUCCESS)
2026-07-20T20:57:56.141 I pid=20741 tid=20779 [M64P-QuestVR] frame=7 located eye=0 pose=[q 0.0083 0.0497 0.0097 -0.9987, p -0.0136 0.0006 0.0063] fov=[L -0.8552 R 0.7854 U 0.8378 D -0.8727] flags=0xf
2026-07-20T20:57:56.141 I pid=20741 tid=20779 [M64P-QuestVR] frame=7 located eye=1 pose=[q 0.0083 0.0497 0.0097 -0.9987, p 0.0491 -0.0006 0.0125] fov=[L -0.7854 R 0.8552 U 0.8378 D -0.8727] flags=0xf
2026-07-20T20:57:56.141 W pid=20741 tid=20779 [M64P-QuestVR] IMMERSIVE_PROJECTION waiting for emulator source: blitReady=1 texture=0 latchCalls=0 newFrames=0; submitting a black layer
2026-07-20T20:57:56.141 I pid=20741 tid=20779 [M64P-QuestVR] frame=7 xrAcquireSwapchainImage -> 0 (XR_SUCCESS)
2026-07-20T20:57:56.141 I pid=20741 tid=20779 [M64P-QuestVR] frame=7 eye=0 acquired swapchain=0x17 imageIndex=0 texture=1 size=1680x1760
2026-07-20T20:57:56.141 I pid=20741 tid=20779 [M64P-QuestVR] frame=7 xrWaitSwapchainImage -> 0 (XR_SUCCESS)
2026-07-20T20:57:56.141 I pid=20741 tid=20779 [M64P-QuestVR] frame=7 xrReleaseSwapchainImage -> 0 (XR_SUCCESS)
2026-07-20T20:57:56.141 I pid=20741 tid=20779 [M64P-QuestVR] frame=7 immersiveProjectionView=0 sourceEye=0 poseSource=CURRENT poseAge=-1.00ms swapchain=0x17 rect=[0,0 1680x1760] array=0 pose=[q 0.0083 0.0497 0.0097 -0.9987, p -0.0136 0.0006 0.0063] fov=[L -0.8552 R 0.7854 U 0.8378 D -0.8727] source=0x0 perEye=0x0 ready=0
2026-07-20T20:57:56.141 I pid=20741 tid=20779 [M64P-QuestVR] frame=7 xrAcquireSwapchainImage -> 0 (XR_SUCCESS)
2026-07-20T20:57:56.141 I pid=20741 tid=20779 [M64P-QuestVR] frame=7 eye=1 acquired swapchain=0x18 imageIndex=0 texture=4 size=1680x1760
2026-07-20T20:57:56.141 I pid=20741 tid=20779 [M64P-QuestVR] frame=7 xrWaitSwapchainImage -> 0 (XR_SUCCESS)
2026-07-20T20:57:56.141 I pid=20741 tid=20779 [M64P-QuestVR] frame=7 xrReleaseSwapchainImage -> 0 (XR_SUCCESS)
2026-07-20T20:57:56.141 I pid=20741 tid=20779 [M64P-QuestVR] frame=7 immersiveProjectionView=1 sourceEye=1 poseSource=CURRENT poseAge=-1.00ms swapchain=0x18 rect=[0,0 1680x1760] array=0 pose=[q 0.0083 0.0497 0.0097 -0.9987, p 0.0491 -0.0006 0.0125] fov=[L -0.7854 R 0.8552 U 0.8378 D -0.8727] source=0x0 perEye=0x0 ready=0
2026-07-20T20:57:56.141 I pid=20741 tid=20779 [M64P-QuestVR] frame=7 xrEndFrame input displayTime=11288199395316 blendMode=1 layerCount=1 content=SOURCE_TEXTURE presentation=IMMERSIVE_PROJECTION layerPtr=0x75557f0f80
2026-07-20T20:57:56.142 I pid=20741 tid=20779 [M64P-QuestVR] frame=7 xrEndFrame -> 0 (XR_SUCCESS)
2026-07-20T20:57:56.142 I pid=20741 tid=20779 [M64P-QuestVR] EGL[frame-current] tid=20779 display=0xb40000768c532b40 context=0xb4000075c7f1e680 draw=0xb4000075c7f1ec00 read=0xb4000075c7f1ec00 config=0xb4000075c0e94560 id=9 client=3 surfaceType=0x15a5 renderable=0x45 rgba=8/8/8/8 GL_VERSION=OpenGL ES 3.2 V@0837.0.7 (GIT@3dbacedba8, I13e643cb5c, 1768227585) (Date:01/12/26) GL_RENDERER=Adreno (TM) 740
2026-07-20T20:57:56.173 I pid=20741 tid=20779 [M64P-QuestVR] frame=8 xrWaitFrame -> 0 (XR_SUCCESS)
2026-07-20T20:57:56.173 I pid=20741 tid=20779 [M64P-QuestVR] frame=8 wait complete predictedDisplayTime=11288213282506 predictedPeriod=13888676 shouldRender=1 sessionState=VISIBLE
2026-07-20T20:57:56.173 I pid=20741 tid=20779 [M64P-QuestVR] frame=8 xrBeginFrame -> 0 (XR_SUCCESS)
2026-07-20T20:57:56.173 I pid=20741 tid=20779 [M64P-QuestVR] frame=8 xrLocateViews -> 0 (XR_SUCCESS)
2026-07-20T20:57:56.174 I pid=20741 tid=20779 [M64P-QuestVR] frame=8 located eye=0 pose=[q 0.0123 0.0529 0.0085 -0.9985, p -0.0127 -0.0000 0.0067] fov=[L -0.8552 R 0.7854 U 0.8378 D -0.8727] flags=0xf
2026-07-20T20:57:56.174 I pid=20741 tid=20779 [M64P-QuestVR] frame=8 located eye=1 pose=[q 0.0123 0.0529 0.0085 -0.9985, p 0.0500 -0.0010 0.0134] fov=[L -0.7854 R 0.8552 U 0.8378 D -0.8727] flags=0xf
2026-07-20T20:57:56.174 W pid=20741 tid=20779 [M64P-QuestVR] IMMERSIVE_PROJECTION waiting for emulator source: blitReady=1 texture=0 latchCalls=0 newFrames=0; submitting a black layer
2026-07-20T20:57:56.174 I pid=20741 tid=20779 [M64P-QuestVR] frame=8 xrAcquireSwapchainImage -> 0 (XR_SUCCESS)
2026-07-20T20:57:56.174 I pid=20741 tid=20779 [M64P-QuestVR] frame=8 eye=0 acquired swapchain=0x17 imageIndex=1 texture=2 size=1680x1760
2026-07-20T20:57:56.174 I pid=20741 tid=20779 [M64P-QuestVR] frame=8 xrWaitSwapchainImage -> 0 (XR_SUCCESS)
2026-07-20T20:57:56.174 I pid=20741 tid=20779 [M64P-QuestVR] frame=8 xrReleaseSwapchainImage -> 0 (XR_SUCCESS)
2026-07-20T20:57:56.174 I pid=20741 tid=20779 [M64P-QuestVR] frame=8 immersiveProjectionView=0 sourceEye=0 poseSource=CURRENT poseAge=-1.00ms swapchain=0x17 rect=[0,0 1680x1760] array=0 pose=[q 0.0123 0.0529 0.0085 -0.9985, p -0.0127 -0.0000 0.0067] fov=[L -0.8552 R 0.7854 U 0.8378 D -0.8727] source=0x0 perEye=0x0 ready=0
2026-07-20T20:57:56.174 I pid=20741 tid=20779 [M64P-QuestVR] frame=8 xrAcquireSwapchainImage -> 0 (XR_SUCCESS)
2026-07-20T20:57:56.174 I pid=20741 tid=20779 [M64P-QuestVR] frame=8 eye=1 acquired swapchain=0x18 imageIndex=1 texture=5 size=1680x1760
2026-07-20T20:57:56.174 I pid=20741 tid=20779 [M64P-QuestVR] frame=8 xrWaitSwapchainImage -> 0 (XR_SUCCESS)
2026-07-20T20:57:56.174 I pid=20741 tid=20779 [M64P-QuestVR] frame=8 xrReleaseSwapchainImage -> 0 (XR_SUCCESS)
2026-07-20T20:57:56.174 I pid=20741 tid=20779 [M64P-QuestVR] frame=8 immersiveProjectionView=1 sourceEye=1 poseSource=CURRENT poseAge=-1.00ms swapchain=0x18 rect=[0,0 1680x1760] array=0 pose=[q 0.0123 0.0529 0.0085 -0.9985, p 0.0500 -0.0010 0.0134] fov=[L -0.7854 R 0.8552 U 0.8378 D -0.8727] source=0x0 perEye=0x0 ready=0
2026-07-20T20:57:56.174 I pid=20741 tid=20779 [M64P-QuestVR] frame=8 xrEndFrame input displayTime=11288213282506 blendMode=1 layerCount=1 content=SOURCE_TEXTURE presentation=IMMERSIVE_PROJECTION layerPtr=0x75557f0f80
2026-07-20T20:57:56.175 I pid=20741 tid=20779 [M64P-QuestVR] frame=8 xrEndFrame -> 0 (XR_SUCCESS)
2026-07-20T20:57:56.175 I pid=20741 tid=20779 [M64P-QuestVR] EGL[frame-current] tid=20779 display=0xb40000768c532b40 context=0xb4000075c7f1e680 draw=0xb4000075c7f1ec00 read=0xb4000075c7f1ec00 config=0xb4000075c0e94560 id=9 client=3 surfaceType=0x15a5 renderable=0x45 rgba=8/8/8/8 GL_VERSION=OpenGL ES 3.2 V@0837.0.7 (GIT@3dbacedba8, I13e643cb5c, 1768227585) (Date:01/12/26) GL_RENDERER=Adreno (TM) 740
2026-07-20T20:57:56.187 I pid=20741 tid=20779 [M64P-QuestVR] frame=9 xrWaitFrame -> 0 (XR_SUCCESS)
2026-07-20T20:57:56.187 I pid=20741 tid=20779 [M64P-QuestVR] frame=9 wait complete predictedDisplayTime=11288227166719 predictedPeriod=13888676 shouldRender=1 sessionState=VISIBLE
2026-07-20T20:57:56.187 I pid=20741 tid=20779 [M64P-QuestVR] frame=9 xrBeginFrame -> 0 (XR_SUCCESS)
2026-07-20T20:57:56.187 I pid=20741 tid=20779 [M64P-QuestVR] frame=9 xrLocateViews -> 0 (XR_SUCCESS)
2026-07-20T20:57:56.188 I pid=20741 tid=20779 [M64P-QuestVR] frame=9 located eye=0 pose=[q 0.0150 0.0564 0.0087 -0.9983, p -0.0115 -0.0004 0.0071] fov=[L -0.8552 R 0.7854 U 0.8378 D -0.8727] flags=0xf
2026-07-20T20:57:56.188 I pid=20741 tid=20779 [M64P-QuestVR] frame=9 located eye=1 pose=[q 0.0150 0.0564 0.0087 -0.9983, p 0.0511 -0.0014 0.0142] fov=[L -0.7854 R 0.8552 U 0.8378 D -0.8727] flags=0xf
2026-07-20T20:57:56.188 W pid=20741 tid=20779 [M64P-QuestVR] IMMERSIVE_PROJECTION waiting for emulator source: blitReady=1 texture=0 latchCalls=0 newFrames=0; submitting a black layer
2026-07-20T20:57:56.188 I pid=20741 tid=20779 [M64P-QuestVR] frame=9 xrAcquireSwapchainImage -> 0 (XR_SUCCESS)
2026-07-20T20:57:56.188 I pid=20741 tid=20779 [M64P-QuestVR] frame=9 eye=0 acquired swapchain=0x17 imageIndex=2 texture=3 size=1680x1760
2026-07-20T20:57:56.188 I pid=20741 tid=20779 [M64P-QuestVR] frame=9 xrWaitSwapchainImage -> 0 (XR_SUCCESS)
2026-07-20T20:57:56.188 I pid=20741 tid=20779 [M64P-QuestVR] frame=9 xrReleaseSwapchainImage -> 0 (XR_SUCCESS)
2026-07-20T20:57:56.188 I pid=20741 tid=20779 [M64P-QuestVR] frame=9 immersiveProjectionView=0 sourceEye=0 poseSource=CURRENT poseAge=-1.00ms swapchain=0x17 rect=[0,0 1680x1760] array=0 pose=[q 0.0150 0.0564 0.0087 -0.9983, p -0.0115 -0.0004 0.0071] fov=[L -0.8552 R 0.7854 U 0.8378 D -0.8727] source=0x0 perEye=0x0 ready=0
2026-07-20T20:57:56.188 I pid=20741 tid=20779 [M64P-QuestVR] frame=9 xrAcquireSwapchainImage -> 0 (XR_SUCCESS)
2026-07-20T20:57:56.188 I pid=20741 tid=20779 [M64P-QuestVR] frame=9 eye=1 acquired swapchain=0x18 imageIndex=2 texture=6 size=1680x1760
2026-07-20T20:57:56.188 I pid=20741 tid=20779 [M64P-QuestVR] frame=9 xrWaitSwapchainImage -> 0 (XR_SUCCESS)
2026-07-20T20:57:56.188 I pid=20741 tid=20779 [M64P-QuestVR] frame=9 xrReleaseSwapchainImage -> 0 (XR_SUCCESS)
2026-07-20T20:57:56.188 I pid=20741 tid=20779 [M64P-QuestVR] frame=9 immersiveProjectionView=1 sourceEye=1 poseSource=CURRENT poseAge=-1.00ms swapchain=0x18 rect=[0,0 1680x1760] array=0 pose=[q 0.0150 0.0564 0.0087 -0.9983, p 0.0511 -0.0014 0.0142] fov=[L -0.7854 R 0.8552 U 0.8378 D -0.8727] source=0x0 perEye=0x0 ready=0
2026-07-20T20:57:56.188 I pid=20741 tid=20779 [M64P-QuestVR] frame=9 xrEndFrame input displayTime=11288227166719 blendMode=1 layerCount=1 content=SOURCE_TEXTURE presentation=IMMERSIVE_PROJECTION layerPtr=0x75557f0f80
2026-07-20T20:57:56.188 I pid=20741 tid=20779 [M64P-QuestVR] frame=9 xrEndFrame -> 0 (XR_SUCCESS)
2026-07-20T20:57:56.189 I pid=20741 tid=20779 [M64P-QuestVR] EGL[frame-current] tid=20779 display=0xb40000768c532b40 context=0xb4000075c7f1e680 draw=0xb4000075c7f1ec00 read=0xb4000075c7f1ec00 config=0xb4000075c0e94560 id=9 client=3 surfaceType=0x15a5 renderable=0x45 rgba=8/8/8/8 GL_VERSION=OpenGL ES 3.2 V@0837.0.7 (GIT@3dbacedba8, I13e643cb5c, 1768227585) (Date:01/12/26) GL_RENDERER=Adreno (TM) 740
2026-07-20T20:57:56.201 I pid=20741 tid=20779 [M64P-QuestVR] frame=10 xrWaitFrame -> 0 (XR_SUCCESS)
2026-07-20T20:57:56.201 I pid=20741 tid=20779 [M64P-QuestVR] frame=10 wait complete predictedDisplayTime=11288241053978 predictedPeriod=13888683 shouldRender=1 sessionState=VISIBLE
2026-07-20T20:57:56.201 I pid=20741 tid=20779 [M64P-QuestVR] frame=10 xrBeginFrame -> 0 (XR_SUCCESS)
2026-07-20T20:57:56.201 I pid=20741 tid=20779 [M64P-QuestVR] frame=10 xrLocateViews -> 0 (XR_SUCCESS)
2026-07-20T20:57:56.202 I pid=20741 tid=20779 [M64P-QuestVR] frame=10 located eye=0 pose=[q 0.0169 0.0598 0.0091 -0.9980, p -0.0104 -0.0007 0.0074] fov=[L -0.8552 R 0.7854 U 0.8378 D -0.8727] flags=0xf
2026-07-20T20:57:56.202 I pid=20741 tid=20779 [M64P-QuestVR] frame=10 located eye=1 pose=[q 0.0169 0.0598 0.0091 -0.9980, p 0.0522 -0.0017 0.0150] fov=[L -0.7854 R 0.8552 U 0.8378 D -0.8727] flags=0xf
2026-07-20T20:57:56.202 W pid=20741 tid=20779 [M64P-QuestVR] IMMERSIVE_PROJECTION waiting for emulator source: blitReady=1 texture=0 latchCalls=0 newFrames=0; submitting a black layer
2026-07-20T20:57:56.202 I pid=20741 tid=20779 [M64P-QuestVR] frame=10 xrAcquireSwapchainImage -> 0 (XR_SUCCESS)
2026-07-20T20:57:56.202 I pid=20741 tid=20779 [M64P-QuestVR] frame=10 eye=0 acquired swapchain=0x17 imageIndex=0 texture=1 size=1680x1760
2026-07-20T20:57:56.202 I pid=20741 tid=20779 [M64P-QuestVR] frame=10 xrWaitSwapchainImage -> 0 (XR_SUCCESS)
2026-07-20T20:57:56.202 I pid=20741 tid=20779 [M64P-QuestVR] frame=10 xrReleaseSwapchainImage -> 0 (XR_SUCCESS)
2026-07-20T20:57:56.202 I pid=20741 tid=20779 [M64P-QuestVR] frame=10 immersiveProjectionView=0 sourceEye=0 poseSource=CURRENT poseAge=-1.00ms swapchain=0x17 rect=[0,0 1680x1760] array=0 pose=[q 0.0169 0.0598 0.0091 -0.9980, p -0.0104 -0.0007 0.0074] fov=[L -0.8552 R 0.7854 U 0.8378 D -0.8727] source=0x0 perEye=0x0 ready=0
2026-07-20T20:57:56.202 I pid=20741 tid=20779 [M64P-QuestVR] frame=10 xrAcquireSwapchainImage -> 0 (XR_SUCCESS)
2026-07-20T20:57:56.202 I pid=20741 tid=20779 [M64P-QuestVR] frame=10 eye=1 acquired swapchain=0x18 imageIndex=0 texture=4 size=1680x1760
2026-07-20T20:57:56.202 I pid=20741 tid=20779 [M64P-QuestVR] frame=10 xrWaitSwapchainImage -> 0 (XR_SUCCESS)
2026-07-20T20:57:56.202 I pid=20741 tid=20779 [M64P-QuestVR] frame=10 xrReleaseSwapchainImage -> 0 (XR_SUCCESS)
2026-07-20T20:57:56.202 I pid=20741 tid=20779 [M64P-QuestVR] frame=10 immersiveProjectionView=1 sourceEye=1 poseSource=CURRENT poseAge=-1.00ms swapchain=0x18 rect=[0,0 1680x1760] array=0 pose=[q 0.0169 0.0598 0.0091 -0.9980, p 0.0522 -0.0017 0.0150] fov=[L -0.7854 R 0.8552 U 0.8378 D -0.8727] source=0x0 perEye=0x0 ready=0
2026-07-20T20:57:56.202 I pid=20741 tid=20779 [M64P-QuestVR] frame=10 xrEndFrame input displayTime=11288241053978 blendMode=1 layerCount=1 content=SOURCE_TEXTURE presentation=IMMERSIVE_PROJECTION layerPtr=0x75557f0f80
2026-07-20T20:57:56.202 I pid=20741 tid=20779 [M64P-QuestVR] frame=10 xrEndFrame -> 0 (XR_SUCCESS)
2026-07-20T20:57:56.203 I pid=20741 tid=20779 [M64P-QuestVR] EGL[frame-current] tid=20779 display=0xb40000768c532b40 context=0xb4000075c7f1e680 draw=0xb4000075c7f1ec00 read=0xb4000075c7f1ec00 config=0xb4000075c0e94560 id=9 client=3 surfaceType=0x15a5 renderable=0x45 rgba=8/8/8/8 GL_VERSION=OpenGL ES 3.2 V@0837.0.7 (GIT@3dbacedba8, I13e643cb5c, 1768227585) (Date:01/12/26) GL_RENDERER=Adreno (TM) 740
2026-07-20T20:57:56.214 I pid=20741 tid=20779 [M64P-QuestVR] frame=11 xrWaitFrame -> 0 (XR_SUCCESS)
2026-07-20T20:57:56.215 I pid=20741 tid=20779 [M64P-QuestVR] frame=11 wait complete predictedDisplayTime=11288254941149 predictedPeriod=13888676 shouldRender=1 sessionState=VISIBLE
2026-07-20T20:57:56.215 I pid=20741 tid=20779 [M64P-QuestVR] frame=11 xrBeginFrame -> 0 (XR_SUCCESS)
2026-07-20T20:57:56.215 I pid=20741 tid=20779 [M64P-QuestVR] frame=11 xrLocateViews -> 0 (XR_SUCCESS)
2026-07-20T20:57:56.215 I pid=20741 tid=20779 [M64P-QuestVR] frame=11 located eye=0 pose=[q 0.0187 0.0630 0.0099 -0.9978, p -0.0093 -0.0008 0.0078] fov=[L -0.8552 R 0.7854 U 0.8378 D -0.8727] flags=0xf
2026-07-20T20:57:56.215 I pid=20741 tid=20779 [M64P-QuestVR] frame=11 located eye=1 pose=[q 0.0187 0.0630 0.0099 -0.9978, p 0.0533 -0.0019 0.0157] fov=[L -0.7854 R 0.8552 U 0.8378 D -0.8727] flags=0xf
2026-07-20T20:57:56.215 W pid=20741 tid=20779 [M64P-QuestVR] IMMERSIVE_PROJECTION waiting for emulator source: blitReady=1 texture=0 latchCalls=0 newFrames=0; submitting a black layer
2026-07-20T20:57:56.215 I pid=20741 tid=20779 [M64P-QuestVR] frame=11 xrAcquireSwapchainImage -> 0 (XR_SUCCESS)
2026-07-20T20:57:56.215 I pid=20741 tid=20779 [M64P-QuestVR] frame=11 eye=0 acquired swapchain=0x17 imageIndex=1 texture=2 size=1680x1760
2026-07-20T20:57:56.215 I pid=20741 tid=20779 [M64P-QuestVR] frame=11 xrWaitSwapchainImage -> 0 (XR_SUCCESS)
2026-07-20T20:57:56.215 I pid=20741 tid=20779 [M64P-QuestVR] frame=11 xrReleaseSwapchainImage -> 0 (XR_SUCCESS)
2026-07-20T20:57:56.215 I pid=20741 tid=20779 [M64P-QuestVR] frame=11 immersiveProjectionView=0 sourceEye=0 poseSource=CURRENT poseAge=-1.00ms swapchain=0x17 rect=[0,0 1680x1760] array=0 pose=[q 0.0187 0.0630 0.0099 -0.9978, p -0.0093 -0.0008 0.0078] fov=[L -0.8552 R 0.7854 U 0.8378 D -0.8727] source=0x0 perEye=0x0 ready=0
2026-07-20T20:57:56.215 I pid=20741 tid=20779 [M64P-QuestVR] frame=11 xrAcquireSwapchainImage -> 0 (XR_SUCCESS)
2026-07-20T20:57:56.215 I pid=20741 tid=20779 [M64P-QuestVR] frame=11 eye=1 acquired swapchain=0x18 imageIndex=1 texture=5 size=1680x1760
2026-07-20T20:57:56.215 I pid=20741 tid=20779 [M64P-QuestVR] frame=11 xrWaitSwapchainImage -> 0 (XR_SUCCESS)
2026-07-20T20:57:56.215 I pid=20741 tid=20779 [M64P-QuestVR] frame=11 xrReleaseSwapchainImage -> 0 (XR_SUCCESS)
2026-07-20T20:57:56.216 I pid=20741 tid=20779 [M64P-QuestVR] frame=11 immersiveProjectionView=1 sourceEye=1 poseSource=CURRENT poseAge=-1.00ms swapchain=0x18 rect=[0,0 1680x1760] array=0 pose=[q 0.0187 0.0630 0.0099 -0.9978, p 0.0533 -0.0019 0.0157] fov=[L -0.7854 R 0.8552 U 0.8378 D -0.8727] source=0x0 perEye=0x0 ready=0
2026-07-20T20:57:56.216 I pid=20741 tid=20779 [M64P-QuestVR] frame=11 xrEndFrame input displayTime=11288254941149 blendMode=1 layerCount=1 content=SOURCE_TEXTURE presentation=IMMERSIVE_PROJECTION layerPtr=0x75557f0f80
2026-07-20T20:57:56.216 I pid=20741 tid=20779 [M64P-QuestVR] frame=11 xrEndFrame -> 0 (XR_SUCCESS)
2026-07-20T20:57:56.216 I pid=20741 tid=20779 [M64P-QuestVR] EGL[frame-current] tid=20779 display=0xb40000768c532b40 context=0xb4000075c7f1e680 draw=0xb4000075c7f1ec00 read=0xb4000075c7f1ec00 config=0xb4000075c0e94560 id=9 client=3 surfaceType=0x15a5 renderable=0x45 rgba=8/8/8/8 GL_VERSION=OpenGL ES 3.2 V@0837.0.7 (GIT@3dbacedba8, I13e643cb5c, 1768227585) (Date:01/12/26) GL_RENDERER=Adreno (TM) 740
2026-07-20T20:57:56.229 I pid=20741 tid=20779 [M64P-QuestVR] frame=12 xrWaitFrame -> 0 (XR_SUCCESS)
2026-07-20T20:57:56.230 I pid=20741 tid=20779 [M64P-QuestVR] frame=12 wait complete predictedDisplayTime=11288268828338 predictedPeriod=13888676 shouldRender=1 sessionState=VISIBLE
2026-07-20T20:57:56.230 I pid=20741 tid=20779 [M64P-QuestVR] frame=12 xrBeginFrame -> 0 (XR_SUCCESS)
2026-07-20T20:57:56.230 I pid=20741 tid=20779 [M64P-QuestVR] frame=12 xrLocateViews -> 0 (XR_SUCCESS)
2026-07-20T20:57:56.230 I pid=20741 tid=20779 [M64P-QuestVR] frame=12 located eye=0 pose=[q 0.0204 0.0659 0.0110 -0.9976, p -0.0083 -0.0010 0.0081] fov=[L -0.8552 R 0.7854 U 0.8378 D -0.8727] flags=0xf
2026-07-20T20:57:56.230 I pid=20741 tid=20779 [M64P-QuestVR] frame=12 located eye=1 pose=[q 0.0204 0.0659 0.0110 -0.9976, p 0.0542 -0.0022 0.0164] fov=[L -0.7854 R 0.8552 U 0.8378 D -0.8727] flags=0xf
2026-07-20T20:57:56.230 W pid=20741 tid=20779 [M64P-QuestVR] IMMERSIVE_PROJECTION waiting for emulator source: blitReady=1 texture=0 latchCalls=0 newFrames=0; submitting a black layer
2026-07-20T20:57:56.230 I pid=20741 tid=20779 [M64P-QuestVR] frame=12 xrAcquireSwapchainImage -> 0 (XR_SUCCESS)
2026-07-20T20:57:56.230 I pid=20741 tid=20779 [M64P-QuestVR] frame=12 eye=0 acquired swapchain=0x17 imageIndex=2 texture=3 size=1680x1760
2026-07-20T20:57:56.230 I pid=20741 tid=20779 [M64P-QuestVR] frame=12 xrWaitSwapchainImage -> 0 (XR_SUCCESS)
2026-07-20T20:57:56.231 I pid=20741 tid=20779 [M64P-QuestVR] frame=12 xrReleaseSwapchainImage -> 0 (XR_SUCCESS)
2026-07-20T20:57:56.231 I pid=20741 tid=20779 [M64P-QuestVR] frame=12 immersiveProjectionView=0 sourceEye=0 poseSource=CURRENT poseAge=-1.00ms swapchain=0x17 rect=[0,0 1680x1760] array=0 pose=[q 0.0204 0.0659 0.0110 -0.9976, p -0.0083 -0.0010 0.0081] fov=[L -0.8552 R 0.7854 U 0.8378 D -0.8727] source=0x0 perEye=0x0 ready=0
2026-07-20T20:57:56.231 I pid=20741 tid=20779 [M64P-QuestVR] frame=12 xrAcquireSwapchainImage -> 0 (XR_SUCCESS)
2026-07-20T20:57:56.231 I pid=20741 tid=20779 [M64P-QuestVR] frame=12 eye=1 acquired swapchain=0x18 imageIndex=2 texture=6 size=1680x1760
2026-07-20T20:57:56.231 I pid=20741 tid=20779 [M64P-QuestVR] frame=12 xrWaitSwapchainImage -> 0 (XR_SUCCESS)
2026-07-20T20:57:56.231 I pid=20741 tid=20779 [M64P-QuestVR] frame=12 xrReleaseSwapchainImage -> 0 (XR_SUCCESS)
2026-07-20T20:57:56.231 I pid=20741 tid=20779 [M64P-QuestVR] frame=12 immersiveProjectionView=1 sourceEye=1 poseSource=CURRENT poseAge=-1.00ms swapchain=0x18 rect=[0,0 1680x1760] array=0 pose=[q 0.0204 0.0659 0.0110 -0.9976, p 0.0542 -0.0022 0.0164] fov=[L -0.7854 R 0.8552 U 0.8378 D -0.8727] source=0x0 perEye=0x0 ready=0
2026-07-20T20:57:56.231 I pid=20741 tid=20779 [M64P-QuestVR] frame=12 xrEndFrame input displayTime=11288268828338 blendMode=1 layerCount=1 content=SOURCE_TEXTURE presentation=IMMERSIVE_PROJECTION layerPtr=0x75557f0f80
2026-07-20T20:57:56.231 I pid=20741 tid=20779 [M64P-QuestVR] frame=12 xrEndFrame -> 0 (XR_SUCCESS)
2026-07-20T20:57:56.231 I pid=20741 tid=20779 [M64P-QuestVR] EGL[frame-current] tid=20779 display=0xb40000768c532b40 context=0xb4000075c7f1e680 draw=0xb4000075c7f1ec00 read=0xb4000075c7f1ec00 config=0xb4000075c0e94560 id=9 client=3 surfaceType=0x15a5 renderable=0x45 rgba=8/8/8/8 GL_VERSION=OpenGL ES 3.2 V@0837.0.7 (GIT@3dbacedba8, I13e643cb5c, 1768227585) (Date:01/12/26) GL_RENDERER=Adreno (TM) 740
2026-07-20T20:57:56.244 I pid=20741 tid=20779 [M64P-QuestVR] frame=13 xrWaitFrame -> 0 (XR_SUCCESS)
2026-07-20T20:57:56.244 I pid=20741 tid=20779 [M64P-QuestVR] frame=13 wait complete predictedDisplayTime=11288282715526 predictedPeriod=13888676 shouldRender=1 sessionState=VISIBLE
2026-07-20T20:57:56.244 I pid=20741 tid=20779 [M64P-QuestVR] frame=13 xrBeginFrame -> 0 (XR_SUCCESS)
2026-07-20T20:57:56.244 I pid=20741 tid=20779 [M64P-QuestVR] frame=13 xrLocateViews -> 0 (XR_SUCCESS)
2026-07-20T20:57:56.244 I pid=20741 tid=20779 [M64P-QuestVR] frame=13 located eye=0 pose=[q 0.0226 0.0687 0.0120 -0.9973, p -0.0074 -0.0012 0.0085] fov=[L -0.8552 R 0.7854 U 0.8378 D -0.8727] flags=0xf
2026-07-20T20:57:56.244 I pid=20741 tid=20779 [M64P-QuestVR] frame=13 located eye=1 pose=[q 0.0226 0.0687 0.0120 -0.9973, p 0.0550 -0.0025 0.0172] fov=[L -0.7854 R 0.8552 U 0.8378 D -0.8727] flags=0xf
2026-07-20T20:57:56.244 W pid=20741 tid=20779 [M64P-QuestVR] IMMERSIVE_PROJECTION waiting for emulator source: blitReady=1 texture=0 latchCalls=0 newFrames=0; submitting a black layer
2026-07-20T20:57:56.244 I pid=20741 tid=20779 [M64P-QuestVR] frame=13 xrAcquireSwapchainImage -> 0 (XR_SUCCESS)
2026-07-20T20:57:56.245 I pid=20741 tid=20779 [M64P-QuestVR] frame=13 eye=0 acquired swapchain=0x17 imageIndex=0 texture=1 size=1680x1760
2026-07-20T20:57:56.245 I pid=20741 tid=20779 [M64P-QuestVR] frame=13 xrWaitSwapchainImage -> 0 (XR_SUCCESS)
2026-07-20T20:57:56.245 I pid=20741 tid=20779 [M64P-QuestVR] frame=13 xrReleaseSwapchainImage -> 0 (XR_SUCCESS)
2026-07-20T20:57:56.245 I pid=20741 tid=20779 [M64P-QuestVR] frame=13 immersiveProjectionView=0 sourceEye=0 poseSource=CURRENT poseAge=-1.00ms swapchain=0x17 rect=[0,0 1680x1760] array=0 pose=[q 0.0226 0.0687 0.0120 -0.9973, p -0.0074 -0.0012 0.0085] fov=[L -0.8552 R 0.7854 U 0.8378 D -0.8727] source=0x0 perEye=0x0 ready=0
2026-07-20T20:57:56.245 I pid=20741 tid=20779 [M64P-QuestVR] frame=13 xrAcquireSwapchainImage -> 0 (XR_SUCCESS)
2026-07-20T20:57:56.245 I pid=20741 tid=20779 [M64P-QuestVR] frame=13 eye=1 acquired swapchain=0x18 imageIndex=0 texture=4 size=1680x1760
2026-07-20T20:57:56.245 I pid=20741 tid=20779 [M64P-QuestVR] frame=13 xrWaitSwapchainImage -> 0 (XR_SUCCESS)
2026-07-20T20:57:56.245 I pid=20741 tid=20779 [M64P-QuestVR] frame=13 xrReleaseSwapchainImage -> 0 (XR_SUCCESS)
2026-07-20T20:57:56.245 I pid=20741 tid=20779 [M64P-QuestVR] frame=13 immersiveProjectionView=1 sourceEye=1 poseSource=CURRENT poseAge=-1.00ms swapchain=0x18 rect=[0,0 1680x1760] array=0 pose=[q 0.0226 0.0687 0.0120 -0.9973, p 0.0550 -0.0025 0.0172] fov=[L -0.7854 R 0.8552 U 0.8378 D -0.8727] source=0x0 perEye=0x0 ready=0
2026-07-20T20:57:56.245 I pid=20741 tid=20779 [M64P-QuestVR] frame=13 xrEndFrame input displayTime=11288282715526 blendMode=1 layerCount=1 content=SOURCE_TEXTURE presentation=IMMERSIVE_PROJECTION layerPtr=0x75557f0f80
2026-07-20T20:57:56.245 I pid=20741 tid=20779 [M64P-QuestVR] frame=13 xrEndFrame -> 0 (XR_SUCCESS)
2026-07-20T20:57:56.245 I pid=20741 tid=20779 [M64P-QuestVR] EGL[frame-current] tid=20779 display=0xb40000768c532b40 context=0xb4000075c7f1e680 draw=0xb4000075c7f1ec00 read=0xb4000075c7f1ec00 config=0xb4000075c0e94560 id=9 client=3 surfaceType=0x15a5 renderable=0x45 rgba=8/8/8/8 GL_VERSION=OpenGL ES 3.2 V@0837.0.7 (GIT@3dbacedba8, I13e643cb5c, 1768227585) (Date:01/12/26) GL_RENDERER=Adreno (TM) 740
2026-07-20T20:57:56.259 I pid=20741 tid=20779 [M64P-QuestVR] frame=14 xrWaitFrame -> 0 (XR_SUCCESS)
2026-07-20T20:57:56.259 I pid=20741 tid=20779 [M64P-QuestVR] frame=14 wait complete predictedDisplayTime=11288296602716 predictedPeriod=13888676 shouldRender=1 sessionState=VISIBLE
2026-07-20T20:57:56.259 I pid=20741 tid=20779 [M64P-QuestVR] frame=14 xrBeginFrame -> 0 (XR_SUCCESS)
2026-07-20T20:57:56.259 I pid=20741 tid=20779 [M64P-QuestVR] frame=14 xrLocateViews -> 0 (XR_SUCCESS)
2026-07-20T20:57:56.260 I pid=20741 tid=20779 [M64P-QuestVR] frame=14 located eye=0 pose=[q 0.0248 0.0716 0.0125 -0.9970, p -0.0065 -0.0015 0.0089] fov=[L -0.8552 R 0.7854 U 0.8378 D -0.8727] flags=0xf
2026-07-20T20:57:56.260 I pid=20741 tid=20779 [M64P-QuestVR] frame=14 located eye=1 pose=[q 0.0248 0.0716 0.0125 -0.9970, p 0.0559 -0.0029 0.0179] fov=[L -0.7854 R 0.8552 U 0.8378 D -0.8727] flags=0xf
2026-07-20T20:57:56.260 W pid=20741 tid=20779 [M64P-QuestVR] IMMERSIVE_PROJECTION waiting for emulator source: blitReady=1 texture=0 latchCalls=0 newFrames=0; submitting a black layer
2026-07-20T20:57:56.260 I pid=20741 tid=20779 [M64P-QuestVR] frame=14 xrAcquireSwapchainImage -> 0 (XR_SUCCESS)
2026-07-20T20:57:56.260 I pid=20741 tid=20779 [M64P-QuestVR] frame=14 eye=0 acquired swapchain=0x17 imageIndex=1 texture=2 size=1680x1760
2026-07-20T20:57:56.260 I pid=20741 tid=20779 [M64P-QuestVR] frame=14 xrWaitSwapchainImage -> 0 (XR_SUCCESS)
2026-07-20T20:57:56.260 I pid=20741 tid=20779 [M64P-QuestVR] frame=14 xrReleaseSwapchainImage -> 0 (XR_SUCCESS)
2026-07-20T20:57:56.260 I pid=20741 tid=20779 [M64P-QuestVR] frame=14 immersiveProjectionView=0 sourceEye=0 poseSource=CURRENT poseAge=-1.00ms swapchain=0x17 rect=[0,0 1680x1760] array=0 pose=[q 0.0248 0.0716 0.0125 -0.9970, p -0.0065 -0.0015 0.0089] fov=[L -0.8552 R 0.7854 U 0.8378 D -0.8727] source=0x0 perEye=0x0 ready=0
2026-07-20T20:57:56.260 I pid=20741 tid=20779 [M64P-QuestVR] frame=14 xrAcquireSwapchainImage -> 0 (XR_SUCCESS)
2026-07-20T20:57:56.260 I pid=20741 tid=20779 [M64P-QuestVR] frame=14 eye=1 acquired swapchain=0x18 imageIndex=1 texture=5 size=1680x1760
2026-07-20T20:57:56.260 I pid=20741 tid=20779 [M64P-QuestVR] frame=14 xrWaitSwapchainImage -> 0 (XR_SUCCESS)
2026-07-20T20:57:56.260 I pid=20741 tid=20779 [M64P-QuestVR] frame=14 xrReleaseSwapchainImage -> 0 (XR_SUCCESS)
2026-07-20T20:57:56.260 I pid=20741 tid=20779 [M64P-QuestVR] frame=14 immersiveProjectionView=1 sourceEye=1 poseSource=CURRENT poseAge=-1.00ms swapchain=0x18 rect=[0,0 1680x1760] array=0 pose=[q 0.0248 0.0716 0.0125 -0.9970, p 0.0559 -0.0029 0.0179] fov=[L -0.7854 R 0.8552 U 0.8378 D -0.8727] source=0x0 perEye=0x0 ready=0
2026-07-20T20:57:56.260 I pid=20741 tid=20779 [M64P-QuestVR] frame=14 xrEndFrame input displayTime=11288296602716 blendMode=1 layerCount=1 content=SOURCE_TEXTURE presentation=IMMERSIVE_PROJECTION layerPtr=0x75557f0f80
2026-07-20T20:57:56.261 I pid=20741 tid=20779 [M64P-QuestVR] frame=14 xrEndFrame -> 0 (XR_SUCCESS)
2026-07-20T20:57:56.261 I pid=20741 tid=20779 [M64P-QuestVR] EGL[frame-current] tid=20779 display=0xb40000768c532b40 context=0xb4000075c7f1e680 draw=0xb4000075c7f1ec00 read=0xb4000075c7f1ec00 config=0xb4000075c0e94560 id=9 client=3 surfaceType=0x15a5 renderable=0x45 rgba=8/8/8/8 GL_VERSION=OpenGL ES 3.2 V@0837.0.7 (GIT@3dbacedba8, I13e643cb5c, 1768227585) (Date:01/12/26) GL_RENDERER=Adreno (TM) 740
2026-07-20T20:57:56.273 I pid=20741 tid=20779 [M64P-QuestVR] frame=15 xrWaitFrame -> 0 (XR_SUCCESS)
2026-07-20T20:57:56.273 I pid=20741 tid=20779 [M64P-QuestVR] frame=15 wait complete predictedDisplayTime=11288310489975 predictedPeriod=13888683 shouldRender=1 sessionState=VISIBLE
2026-07-20T20:57:56.273 I pid=20741 tid=20779 [M64P-QuestVR] frame=15 xrBeginFrame -> 0 (XR_SUCCESS)
2026-07-20T20:57:56.274 I pid=20741 tid=20779 [M64P-QuestVR] frame=15 xrLocateViews -> 0 (XR_SUCCESS)
2026-07-20T20:57:56.274 I pid=20741 tid=20779 [M64P-QuestVR] Connected OpenXR pose source to GLideN64 VR renderer bridge
2026-07-20T20:57:56.274 I pid=20741 tid=20779 [M64P-QuestVR] frame=15 located eye=0 pose=[q 0.0276 0.0746 0.0131 -0.9967, p -0.0055 -0.0018 0.0093] fov=[L -0.8552 R 0.7854 U 0.8378 D -0.8727] flags=0xf
2026-07-20T20:57:56.274 I pid=20741 tid=20779 [M64P-QuestVR] frame=15 located eye=1 pose=[q 0.0276 0.0746 0.0131 -0.9967, p 0.0568 -0.0032 0.0187] fov=[L -0.7854 R 0.8552 U 0.8378 D -0.8727] flags=0xf
2026-07-20T20:57:56.274 W pid=20741 tid=20779 [M64P-QuestVR] IMMERSIVE_PROJECTION waiting for emulator source: blitReady=1 texture=0 latchCalls=0 newFrames=0; submitting a black layer
2026-07-20T20:57:56.274 I pid=20741 tid=20779 [M64P-QuestVR] frame=15 xrAcquireSwapchainImage -> 0 (XR_SUCCESS)
2026-07-20T20:57:56.274 I pid=20741 tid=20779 [M64P-QuestVR] frame=15 eye=0 acquired swapchain=0x17 imageIndex=2 texture=3 size=1680x1760
2026-07-20T20:57:56.274 I pid=20741 tid=20779 [M64P-QuestVR] frame=15 xrWaitSwapchainImage -> 0 (XR_SUCCESS)
2026-07-20T20:57:56.275 I pid=20741 tid=20779 [M64P-QuestVR] frame=15 xrReleaseSwapchainImage -> 0 (XR_SUCCESS)
2026-07-20T20:57:56.275 I pid=20741 tid=20779 [M64P-QuestVR] frame=15 immersiveProjectionView=0 sourceEye=0 poseSource=CURRENT poseAge=-1.00ms swapchain=0x17 rect=[0,0 1680x1760] array=0 pose=[q 0.0276 0.0746 0.0131 -0.9967, p -0.0055 -0.0018 0.0093] fov=[L -0.8552 R 0.7854 U 0.8378 D -0.8727] source=0x0 perEye=0x0 ready=0
2026-07-20T20:57:56.275 I pid=20741 tid=20779 [M64P-QuestVR] frame=15 xrAcquireSwapchainImage -> 0 (XR_SUCCESS)
2026-07-20T20:57:56.275 I pid=20741 tid=20779 [M64P-QuestVR] frame=15 eye=1 acquired swapchain=0x18 imageIndex=2 texture=6 size=1680x1760
2026-07-20T20:57:56.275 I pid=20741 tid=20779 [M64P-QuestVR] frame=15 xrWaitSwapchainImage -> 0 (XR_SUCCESS)
2026-07-20T20:57:56.275 I pid=20741 tid=20779 [M64P-QuestVR] frame=15 xrReleaseSwapchainImage -> 0 (XR_SUCCESS)
2026-07-20T20:57:56.275 I pid=20741 tid=20779 [M64P-QuestVR] frame=15 immersiveProjectionView=1 sourceEye=1 poseSource=CURRENT poseAge=-1.00ms swapchain=0x18 rect=[0,0 1680x1760] array=0 pose=[q 0.0276 0.0746 0.0131 -0.9967, p 0.0568 -0.0032 0.0187] fov=[L -0.7854 R 0.8552 U 0.8378 D -0.8727] source=0x0 perEye=0x0 ready=0
2026-07-20T20:57:56.275 I pid=20741 tid=20779 [M64P-QuestVR] frame=15 xrEndFrame input displayTime=11288310489975 blendMode=1 layerCount=1 content=SOURCE_TEXTURE presentation=IMMERSIVE_PROJECTION layerPtr=0x75557f0f80
2026-07-20T20:57:56.276 I pid=20741 tid=20779 [M64P-QuestVR] frame=15 xrEndFrame -> 0 (XR_SUCCESS)
2026-07-20T20:57:56.276 I pid=20741 tid=20779 [M64P-QuestVR] EGL[frame-current] tid=20779 display=0xb40000768c532b40 context=0xb4000075c7f1e680 draw=0xb4000075c7f1ec00 read=0xb4000075c7f1ec00 config=0xb4000075c0e94560 id=9 client=3 surfaceType=0x15a5 renderable=0x45 rgba=8/8/8/8 GL_VERSION=OpenGL ES 3.2 V@0837.0.7 (GIT@3dbacedba8, I13e643cb5c, 1768227585) (Date:01/12/26) GL_RENDERER=Adreno (TM) 740
2026-07-20T20:57:56.287 I pid=20741 tid=20779 [M64P-QuestVR] frame=16 xrWaitFrame -> 0 (XR_SUCCESS)
2026-07-20T20:57:56.287 I pid=20741 tid=20779 [M64P-QuestVR] frame=16 wait complete predictedDisplayTime=11288324377075 predictedPeriod=13888670 shouldRender=1 sessionState=VISIBLE
2026-07-20T20:57:56.287 I pid=20741 tid=20779 [M64P-QuestVR] frame=16 xrBeginFrame -> 0 (XR_SUCCESS)
2026-07-20T20:57:56.287 I pid=20741 tid=20779 [M64P-QuestVR] frame=16 xrLocateViews -> 0 (XR_SUCCESS)
2026-07-20T20:57:56.287 I pid=20741 tid=20779 [M64P-QuestVR] frame=16 located eye=0 pose=[q 0.0295 0.0782 0.0134 -0.9964, p -0.0045 -0.0022 0.0096] fov=[L -0.8552 R 0.7854 U 0.8378 D -0.8727] flags=0xf
2026-07-20T20:57:56.287 I pid=20741 tid=20779 [M64P-QuestVR] frame=16 located eye=1 pose=[q 0.0295 0.0782 0.0134 -0.9964, p 0.0577 -0.0036 0.0195] fov=[L -0.7854 R 0.8552 U 0.8378 D -0.8727] flags=0xf
2026-07-20T20:57:56.287 W pid=20741 tid=20779 [M64P-QuestVR] IMMERSIVE_PROJECTION waiting for emulator source: blitReady=1 texture=0 latchCalls=0 newFrames=0; submitting a black layer
2026-07-20T20:57:56.287 I pid=20741 tid=20779 [M64P-QuestVR] frame=16 xrAcquireSwapchainImage -> 0 (XR_SUCCESS)
2026-07-20T20:57:56.287 I pid=20741 tid=20779 [M64P-QuestVR] frame=16 eye=0 acquired swapchain=0x17 imageIndex=0 texture=1 size=1680x1760
2026-07-20T20:57:56.287 I pid=20741 tid=20779 [M64P-QuestVR] frame=16 xrWaitSwapchainImage -> 0 (XR_SUCCESS)
2026-07-20T20:57:56.287 I pid=20741 tid=20779 [M64P-QuestVR] frame=16 xrReleaseSwapchainImage -> 0 (XR_SUCCESS)
2026-07-20T20:57:56.287 I pid=20741 tid=20779 [M64P-QuestVR] frame=16 immersiveProjectionView=0 sourceEye=0 poseSource=CURRENT poseAge=-1.00ms swapchain=0x17 rect=[0,0 1680x1760] array=0 pose=[q 0.0295 0.0782 0.0134 -0.9964, p -0.0045 -0.0022 0.0096] fov=[L -0.8552 R 0.7854 U 0.8378 D -0.8727] source=0x0 perEye=0x0 ready=0
2026-07-20T20:57:56.287 I pid=20741 tid=20779 [M64P-QuestVR] frame=16 xrAcquireSwapchainImage -> 0 (XR_SUCCESS)
2026-07-20T20:57:56.287 I pid=20741 tid=20779 [M64P-QuestVR] frame=16 eye=1 acquired swapchain=0x18 imageIndex=0 texture=4 size=1680x1760
2026-07-20T20:57:56.287 I pid=20741 tid=20779 [M64P-QuestVR] frame=16 xrWaitSwapchainImage -> 0 (XR_SUCCESS)
2026-07-20T20:57:56.287 I pid=20741 tid=20779 [M64P-QuestVR] frame=16 xrReleaseSwapchainImage -> 0 (XR_SUCCESS)
2026-07-20T20:57:56.287 I pid=20741 tid=20779 [M64P-QuestVR] frame=16 immersiveProjectionView=1 sourceEye=1 poseSource=CURRENT poseAge=-1.00ms swapchain=0x18 rect=[0,0 1680x1760] array=0 pose=[q 0.0295 0.0782 0.0134 -0.9964, p 0.0577 -0.0036 0.0195] fov=[L -0.7854 R 0.8552 U 0.8378 D -0.8727] source=0x0 perEye=0x0 ready=0
2026-07-20T20:57:56.287 I pid=20741 tid=20779 [M64P-QuestVR] frame=16 xrEndFrame input displayTime=11288324377075 blendMode=1 layerCount=1 content=SOURCE_TEXTURE presentation=IMMERSIVE_PROJECTION layerPtr=0x75557f0f80
2026-07-20T20:57:56.287 I pid=20741 tid=20779 [M64P-QuestVR] frame=16 xrEndFrame -> 0 (XR_SUCCESS)
2026-07-20T20:57:56.287+1000 I pid=20741 tid=20779 thread=Render thread [GameSurface] consumer SurfaceTexture available requestedSize=2688x1008 producerSize=2688x1008
2026-07-20T20:57:56.288+1000 I pid=20741 tid=20779 thread=Render thread [ShaderDrawer] SurfaceTexture consumer attach requested size=2688x1008 producer=2688x1008
2026-07-20T20:57:56.288+1000 I pid=20741 tid=20779 thread=Render thread [ShaderDrawer] SurfaceTexture attached to external texture=7 glError=0x0
2026-07-20T20:57:56.290+1000 I pid=20741 tid=20779 thread=Render thread [GameSurface] OpenXR source handoff actualProducer=2688x1008 consumerRequest=2688x1008 stereo=true totalAspect=2.6666667 perEye=1344x1008 contentAspect=1.3333334
2026-07-20T20:57:56.290+1000 I pid=20741 tid=20779 thread=Render thread [QuestVrBridge] Handing emulator source texture 7 (2688x1008, stereo=true, contentAspect=1.3333334) to OpenXR
2026-07-20T20:57:56.292 I pid=20741 tid=20779 [M64P-QuestVR] Source texture update tid=20779 texture=7 total=2688x1008 perEye=1344x1008 contentAspect=1.3333 requestStereo=1 stereoActive=1 blitReady=1 currentContext=0xb4000075c7f1e680
2026-07-20T20:57:56.292+1000 I pid=20741 tid=20741 thread=main [GameActivity] onWindowFocusChanged hasFocus=true
2026-07-20T20:57:56.292+1000 I pid=20741 tid=20779 thread=Render thread [GameSurface] GLideN64 SurfaceTexture callback=1 timestamp=0 newLatchedFrames=0 externalTexture=7
2026-07-20T20:57:56.293 I pid=20741 tid=20779 [M64P-QuestVR] SurfaceTexture transform update=1 changes=0 changed=0 matrix=[1.00000 0.00000 0.00000 0.00000 | 0.00000 1.00000 0.00000 0.00000 | 0.00000 0.00000 1.00000 0.00000 | 0.00000 0.00000 0.00000 1.00000] mappedFull=[0.00000,0.00000 -> 1.00000,1.00000] mappedSplit=[0.50000,0.00000 -> 0.50000,1.00000]
2026-07-20T20:57:56.293 I pid=20741 tid=20779 [M64P-QuestVR] SurfaceTexture latch call=1 timestamp=0 previous=0 newFrames=0 sourceTexture=7 poseMatched=0 tid=20779
2026-07-20T20:57:56.293+1000 I pid=20741 tid=20779 thread=Render thread [GameSurface] consumer SurfaceTexture available requestedSize=2688x1008 producerSize=2688x1008
2026-07-20T20:57:56.294+1000 I pid=20741 tid=20779 thread=Render thread [ShaderDrawer] SurfaceTexture consumer attach requested size=2688x1008 producer=2688x1008
2026-07-20T20:57:56.294+1000 I pid=20741 tid=20779 thread=Render thread [GameSurface] OpenXR source handoff actualProducer=2688x1008 consumerRequest=2688x1008 stereo=true totalAspect=2.6666667 perEye=1344x1008 contentAspect=1.3333334
2026-07-20T20:57:56.294 I pid=20741 tid=20779 [M64P-QuestVR] Source texture update tid=20779 texture=7 total=2688x1008 perEye=1344x1008 contentAspect=1.3333 requestStereo=1 stereoActive=1 blitReady=1 currentContext=0xb4000075c7f1e680
2026-07-20T20:57:56.294+1000 I pid=20741 tid=20779 thread=Render thread [GameSurface] GLideN64 SurfaceTexture callback=2 timestamp=0 newLatchedFrames=0 externalTexture=7
2026-07-20T20:57:56.294 I pid=20741 tid=20779 [M64P-QuestVR] SurfaceTexture transform update=2 changes=0 changed=0 matrix=[1.00000 0.00000 0.00000 0.00000 | 0.00000 1.00000 0.00000 0.00000 | 0.00000 0.00000 1.00000 0.00000 | 0.00000 0.00000 0.00000 1.00000] mappedFull=[0.00000,0.00000 -> 1.00000,1.00000] mappedSplit=[0.50000,0.00000 -> 0.50000,1.00000]
2026-07-20T20:57:56.294 I pid=20741 tid=20779 [M64P-QuestVR] SurfaceTexture latch call=2 timestamp=0 previous=0 newFrames=0 sourceTexture=7 poseMatched=0 tid=20779
2026-07-20T20:57:56.296 I pid=20741 tid=20779 [M64P-QuestVR] xrPollEvent -> 0 (XR_SUCCESS), eventType=18
2026-07-20T20:57:56.296 I pid=20741 tid=20779 [M64P-QuestVR] OpenXR session state changed: session=0x2 time=11288310491551 state=FOCUSED (5) running=1
2026-07-20T20:57:56.301 I pid=20741 tid=20779 [M64P-QuestVR] Immersive aspect fit sourceAspect=1.3333 targetAspect=0.9545 userScale=1.000 effectiveNdcScale=1.0000x0.7159 sourcePerEye=1344x1008 consumerEye=1680x1760
2026-07-20T20:57:56.320 I pid=20741 tid=20775 [M64P-QuestVR] Quest VR draw class primitive=rectangles projection=none program=3 uniforms=0x00 framebuffer=0 target=2688 logical=2688 viewport=0,0,2688,1008 scissor=1,0,0,2688,1008 sourcePacked=0 vertices=186 modifiedXY=0 geometry=0x00000000 z=0 fog=0 lighting=0 texgen=0 billboard=0 projectionSig=0.0000,0.0000,0.0000,0.0000,0.0000,0.0000
2026-07-20T20:57:56.330 I pid=20741 tid=20779 [M64P-QuestVR] xrPollEvent -> 0 (XR_SUCCESS), eventType=52
2026-07-20T20:57:57.095 I pid=20741 tid=20779 [M64P-QuestVR] pose q=[0.029 0.077 -0.016 -0.996] p=[-0.007 0.001 0.027], runtimeIpd=0.0630 fovL=[-0.855 0.785 0.838 -0.873], draws geometry=0 perspective=0 orthographic=0 rect=1 backgroundRect=0 sprite2D=0 blits=0 projection canonical=0 foldedView=0 loads=0 foldedMultiplies=0 missingTransformProgram=0 vertices=0 modifiedXY=0 eyes=2 poseGeneration=120 targetWidth=2688 targetFallbacks=0 internalFbo allocations=0 n64=0x0 packed=0x0 perEye=0x0 scale=0.000 nativeFactor=0 viewport=2688x1008 scissor=2688x1008
2026-07-20T20:57:57.095 I pid=20741 tid=20779 [M64P-QuestVR] UI pipeline snapshot reason=BOUNDED_AUTO screenBatches=0 vertices=0 eyeDraws=[0,0] corrections=[0,0] offsetsNdc=[0.000000,0.000000 | 0.000000,0.000000] lastFbo=0 program=0 uniformMask=0x00 uniforms={enabled:0 transform:0 screenTransform:0 rows:0} missing=0 finalBlits=0 readFbo=0 texture=0 sourcePhysical=0x0 sourceLogical=0x0 sourceRect=[0,0] destinationPhysical=0x0 destinationLogical=0x0 destinationRect=[0,0] filter=0x0 texrectScratch draws=0 rectangles=0 fbo=0 texture=0 size=0x0 classification={source:MONO destination:MONO splitCount:0}
2026-07-20T20:57:57.706+1000 I pid=20741 tid=20779 thread=Render thread [GameSurface] GLideN64 SurfaceTexture callback=3 timestamp=11289716226796 newLatchedFrames=1 externalTexture=7
2026-07-20T20:57:57.706 I pid=20741 tid=20779 [M64P-QuestVR] SurfaceTexture transform update=3 changes=1 changed=1 matrix=[1.00000 0.00000 0.00000 0.00000 | 0.00000 -1.00000 0.00000 0.00000 | 0.00000 0.00000 1.00000 0.00000 | 0.00000 1.00000 0.00000 1.00000] mappedFull=[0.00000,1.00000 -> 1.00000,0.00000] mappedSplit=[0.50000,1.00000 -> 0.50000,0.00000]
2026-07-20T20:57:57.706 I pid=20741 tid=20779 [M64P-QuestVR] SurfaceTexture latch call=3 timestamp=11289716226796 previous=0 newFrames=1 sourceTexture=7 poseMatched=1 tid=20779
2026-07-20T20:57:57.771 I pid=20741 tid=20775 [M64P-QuestVR] Quest VR draw class primitive=rectangles projection=none program=5 uniforms=0x01 framebuffer=3 target=2688 logical=1344 viewport=0,0,2688,2688 scissor=0,0,0,2688,1008 sourcePacked=0 vertices=4 modifiedXY=0 geometry=0x00000000 z=0 fog=0 lighting=0 texgen=0 billboard=0 projectionSig=0.0000,0.0000,0.0000,0.0000,0.0000,0.0000
2026-07-20T20:57:57.776+1000 I pid=20741 tid=20779 thread=Render thread [GameSurface] GLideN64 SurfaceTexture callback=4 timestamp=11289790158105 newLatchedFrames=2 externalTexture=7
2026-07-20T20:57:57.777 I pid=20741 tid=20779 [M64P-QuestVR] SurfaceTexture latch call=4 timestamp=11289790158105 previous=11289716226796 newFrames=2 sourceTexture=7 poseMatched=1 tid=20779
2026-07-20T20:57:57.790+1000 I pid=20741 tid=20779 thread=Render thread [GameSurface] GLideN64 SurfaceTexture callback=5 timestamp=11289794569512 newLatchedFrames=3 externalTexture=7
2026-07-20T20:57:57.790 I pid=20741 tid=20779 [M64P-QuestVR] SurfaceTexture latch call=5 timestamp=11289794569512 previous=11289790158105 newFrames=3 sourceTexture=7 poseMatched=1 tid=20779
2026-07-20T20:57:57.830+1000 I pid=20741 tid=20779 thread=Render thread [GameSurface] GLideN64 SurfaceTexture callback=6 timestamp=11289845207798 newLatchedFrames=4 externalTexture=7
2026-07-20T20:57:57.831 I pid=20741 tid=20779 [M64P-QuestVR] SurfaceTexture latch call=6 timestamp=11289845207798 previous=11289794569512 newFrames=4 sourceTexture=7 poseMatched=1 tid=20779
2026-07-20T20:57:57.845+1000 I pid=20741 tid=20779 thread=Render thread [GameSurface] GLideN64 SurfaceTexture callback=7 timestamp=11289850256184 newLatchedFrames=5 externalTexture=7
2026-07-20T20:57:57.845 I pid=20741 tid=20779 [M64P-QuestVR] SurfaceTexture latch call=7 timestamp=11289850256184 previous=11289845207798 newFrames=5 sourceTexture=7 poseMatched=1 tid=20779
2026-07-20T20:57:57.861 I pid=20741 tid=20775 [M64P-QuestVR] Quest VR draw class primitive=rectangles projection=none program=5 uniforms=0x01 framebuffer=4 target=2688 logical=1344 viewport=0,0,2688,2688 scissor=0,0,0,2688,1008 sourcePacked=0 vertices=4 modifiedXY=0 geometry=0x00020001 z=1 fog=0 lighting=1 texgen=0 billboard=0 projectionSig=0.0000,0.0000,0.0000,0.0000,0.0000,0.0000
2026-07-20T20:57:57.861 I pid=20741 tid=20775 [M64P-QuestVR] Quest VR draw class primitive=rectangles projection=none program=8 uniforms=0x00 framebuffer=4 target=2688 logical=1344 viewport=0,0,2688,2688 scissor=1,0,0,1344,3024 sourcePacked=0 vertices=4 modifiedXY=0 geometry=0x00020001 z=1 fog=0 lighting=1 texgen=0 billboard=0 projectionSig=0.0000,0.0000,0.0000,0.0000,0.0000,0.0000
2026-07-20T20:57:57.872+1000 I pid=20741 tid=20779 thread=Render thread [GameSurface] GLideN64 SurfaceTexture callback=8 timestamp=11289878528531 newLatchedFrames=6 externalTexture=7
2026-07-20T20:57:57.873 I pid=20741 tid=20779 [M64P-QuestVR] SurfaceTexture latch call=8 timestamp=11289878528531 previous=11289850256184 newFrames=6 sourceTexture=7 poseMatched=1 tid=20779
2026-07-20T20:57:58.011+1000 I pid=20741 tid=20779 thread=Render thread [GameSurface] GLideN64 SurfaceTexture callback=9 timestamp=11290023032243 newLatchedFrames=7 externalTexture=7
2026-07-20T20:57:58.011 I pid=20741 tid=20779 [M64P-QuestVR] SurfaceTexture latch call=9 timestamp=11290023032243 previous=11289878528531 newFrames=7 sourceTexture=7 poseMatched=1 tid=20779
2026-07-20T20:57:58.054+1000 I pid=20741 tid=20779 thread=Render thread [GameSurface] GLideN64 SurfaceTexture callback=10 timestamp=11290061165424 newLatchedFrames=8 externalTexture=7
2026-07-20T20:57:58.054 I pid=20741 tid=20779 [M64P-QuestVR] SurfaceTexture latch call=10 timestamp=11290061165424 previous=11290023032243 newFrames=8 sourceTexture=7 poseMatched=1 tid=20779
2026-07-20T20:57:58.062 I pid=20741 tid=20775 [M64P-QuestVR] Quest VR draw class primitive=rectangles projection=none program=35 uniforms=0x01 framebuffer=7 target=2688 logical=1344 viewport=0,0,2688,2688 scissor=1,34,34,1277,941 sourcePacked=0 vertices=4 modifiedXY=0 geometry=0x00000000 z=0 fog=0 lighting=0 texgen=0 billboard=0 projectionSig=0.0000,0.0000,0.0000,0.0000,0.0000,0.0000
2026-07-20T20:57:58.067 I pid=20741 tid=20775 [M64P-QuestVR] Quest VR draw class primitive=rectangles projection=none program=27 uniforms=0x7F framebuffer=10 target=2688 logical=1344 viewport=0,0,2688,1007 scissor=0,34,34,1277,941 sourcePacked=1 vertices=4 modifiedXY=0 geometry=0x00000000 z=0 fog=0 lighting=0 texgen=0 billboard=0 projectionSig=0.0000,0.0000,0.0000,0.0000,0.0000,0.0000
2026-07-20T20:57:58.067 I pid=20741 tid=20775 [M64P-QuestVR] Quest VR draw class primitive=rectangles projection=none program=15 uniforms=0x7F framebuffer=0 target=2688 logical=2688 viewport=0,0,2688,1008 scissor=0,34,34,1277,941 sourcePacked=1 vertices=4 modifiedXY=0 geometry=0x00000000 z=0 fog=0 lighting=0 texgen=0 billboard=0 projectionSig=0.0000,0.0000,0.0000,0.0000,0.0000,0.0000
2026-07-20T20:57:59.033 I pid=20741 tid=20775 [M64P-QuestVR] Quest VR draw class primitive=rectangles projection=none program=27 uniforms=0x7F framebuffer=10 target=2688 logical=1344 viewport=0,0,2688,1007 scissor=0,34,34,1277,941 sourcePacked=1 vertices=4 modifiedXY=0 geometry=0x00020001 z=1 fog=0 lighting=1 texgen=0 billboard=0 projectionSig=0.0000,0.0000,0.0000,0.0000,0.0000,0.0000
2026-07-20T20:57:59.033 I pid=20741 tid=20775 [M64P-QuestVR] Quest VR draw-class diagnostic cap reached bucket=rectangles-lines cap=8
2026-07-20T20:58:00.222 I pid=20741 tid=20779 [M64P-QuestVR] EGL[frame-current] tid=20779 display=0xb40000768c532b40 context=0xb4000075c7f1e680 draw=0xb4000075c7f1ec00 read=0xb4000075c7f1ec00 config=0xb4000075c0e94560 id=9 client=3 surfaceType=0x15a5 renderable=0x45 rgba=8/8/8/8 GL_VERSION=OpenGL ES 3.2 V@0837.0.7 (GIT@3dbacedba8, I13e643cb5c, 1768227585) (Date:01/12/26) GL_RENDERER=Adreno (TM) 740
2026-07-20T20:58:00.235 I pid=20741 tid=20779 [M64P-QuestVR] frame=300 xrWaitFrame -> 0 (XR_SUCCESS)
2026-07-20T20:58:00.235 I pid=20741 tid=20779 [M64P-QuestVR] frame=300 wait complete predictedDisplayTime=11292268340611 predictedPeriod=13888676 shouldRender=1 sessionState=FOCUSED
2026-07-20T20:58:00.235 I pid=20741 tid=20779 [M64P-QuestVR] frame=300 xrBeginFrame -> 0 (XR_SUCCESS)
2026-07-20T20:58:00.235 I pid=20741 tid=20779 [M64P-QuestVR] frame=300 xrLocateViews -> 0 (XR_SUCCESS)
2026-07-20T20:58:00.235 I pid=20741 tid=20779 [M64P-QuestVR] frame=300 located eye=0 pose=[q 0.0460 0.2419 0.0005 -0.9692, p -0.0005 -0.0010 0.0368] fov=[L -0.8552 R 0.7854 U 0.8378 D -0.8727] flags=0xf
2026-07-20T20:58:00.235 I pid=20741 tid=20779 [M64P-QuestVR] frame=300 located eye=1 pose=[q 0.0460 0.2419 0.0005 -0.9692, p 0.0552 0.0003 0.0664] fov=[L -0.7854 R 0.8552 U 0.8378 D -0.8727] flags=0xf
2026-07-20T20:58:00.235 I pid=20741 tid=20779 [M64P-QuestVR] frame=300 xrAcquireSwapchainImage -> 0 (XR_SUCCESS)
2026-07-20T20:58:00.235 I pid=20741 tid=20779 [M64P-QuestVR] frame=300 eye=0 acquired swapchain=0x17 imageIndex=2 texture=3 size=1680x1760
2026-07-20T20:58:00.235 I pid=20741 tid=20779 [M64P-QuestVR] frame=300 xrWaitSwapchainImage -> 0 (XR_SUCCESS)
2026-07-20T20:58:00.235 I pid=20741 tid=20779 [M64P-QuestVR] frame=300 OpenXR source sample destinationEye=0 sourceEye=0 texture=7 baseUv=[0.00000,0 -> 0.50000,1] surfaceMappedUv=[0.00000,1.00000 -> 0.50000,0.00000] source=2688x1008 perEye=1344x1008 destinationViewport=[0,0 1680x1760] quadScale=1.00000x0.71591 sourceFilter=GL_LINEAR
2026-07-20T20:58:00.235 I pid=20741 tid=20779 [M64P-QuestVR] frame=300 xrReleaseSwapchainImage -> 0 (XR_SUCCESS)
2026-07-20T20:58:00.235 I pid=20741 tid=20779 [M64P-QuestVR] frame=300 immersiveProjectionView=0 sourceEye=0 poseSource=MATCHED_SOURCE_FRAME poseAge=27.77ms swapchain=0x17 rect=[0,0 1680x1760] array=0 pose=[q 0.0454 0.2399 0.0007 -0.9697, p -0.0009 -0.0009 0.0367] fov=[L -0.8552 R 0.7854 U 0.8378 D -0.8727] source=2688x1008 perEye=1344x1008 ready=1
2026-07-20T20:58:00.235 I pid=20741 tid=20779 [M64P-QuestVR] frame=300 xrAcquireSwapchainImage -> 0 (XR_SUCCESS)
2026-07-20T20:58:00.235 I pid=20741 tid=20779 [M64P-QuestVR] frame=300 eye=1 acquired swapchain=0x18 imageIndex=2 texture=6 size=1680x1760
2026-07-20T20:58:00.235 I pid=20741 tid=20779 [M64P-QuestVR] frame=300 xrWaitSwapchainImage -> 0 (XR_SUCCESS)
2026-07-20T20:58:00.235 I pid=20741 tid=20779 [M64P-QuestVR] frame=300 OpenXR source sample destinationEye=1 sourceEye=1 texture=7 baseUv=[0.50000,0 -> 1.00000,1] surfaceMappedUv=[0.50000,1.00000 -> 1.00000,0.00000] source=2688x1008 perEye=1344x1008 destinationViewport=[0,0 1680x1760] quadScale=1.00000x0.71591 sourceFilter=GL_LINEAR
2026-07-20T20:58:00.235 I pid=20741 tid=20779 [M64P-QuestVR] frame=300 xrReleaseSwapchainImage -> 0 (XR_SUCCESS)
2026-07-20T20:58:00.235 I pid=20741 tid=20779 [M64P-QuestVR] frame=300 immersiveProjectionView=1 sourceEye=1 poseSource=MATCHED_SOURCE_FRAME poseAge=27.77ms swapchain=0x18 rect=[0,0 1680x1760] array=0 pose=[q 0.0454 0.2399 0.0007 -0.9697, p 0.0549 0.0004 0.0661] fov=[L -0.7854 R 0.8552 U 0.8378 D -0.8727] source=2688x1008 perEye=1344x1008 ready=1
2026-07-20T20:58:00.235 I pid=20741 tid=20779 [M64P-QuestVR] frame=300 xrEndFrame input displayTime=11292268340611 blendMode=1 layerCount=1 content=SOURCE_TEXTURE presentation=IMMERSIVE_PROJECTION layerPtr=0x75557f0f80
2026-07-20T20:58:00.236 I pid=20741 tid=20779 [M64P-QuestVR] frame=300 xrEndFrame -> 0 (XR_SUCCESS)
2026-07-20T20:58:00.236 I pid=20741 tid=20779 [M64P-QuestVR] periodic status samples=300 submitted=300 layers=300 visibleLayers=299 state=FOCUSED avgWait=12.97ms avgNative=13.64ms avgWork=0.67ms maxWork=6.31ms presentation=IMMERSIVE_PROJECTION immersiveScale=1.000 sourceTotal=2688x1008 sourcePerEye=1344x1008 contentAspect=1.3333 stereo=1 swapEyes=0 consumerEye=1680x1760 screenScale=1.000 screenDistance=2.000m screenAnchorValid=0 proofLayers=0 sourcePoseAge=27.77ms poseMatches=74 poseMisses=2 textureTs=11292233394494 latchCalls=76 newSourceFrames=74 sourceBlitReady=1
2026-07-20T20:58:00.429 I pid=20741 tid=20779 [M64P-QuestVR] pose q=[0.039 0.182 0.004 -0.983] p=[0.018 0.001 0.048], runtimeIpd=0.0630 fovL=[-0.855 0.785 0.838 -0.873], draws geometry=0 perspective=0 orthographic=0 rect=13340 backgroundRect=0 sprite2D=0 blits=0 projection canonical=0 foldedView=0 loads=92 foldedMultiplies=92 missingTransformProgram=0 vertices=0 modifiedXY=0 eyes=26680 poseGeneration=600 targetWidth=2688 targetFallbacks=0 internalFbo allocations=6 n64=320x240 packed=2688x1007 perEye=1344x1007 scale=4.200 nativeFactor=0 viewport=2688x1008 scissor=2688x1008
2026-07-20T20:58:00.429 I pid=20741 tid=20779 [M64P-QuestVR] UI pipeline snapshot reason=BOUNDED_DEBUG screenBatches=0 vertices=0 eyeDraws=[0,0] corrections=[0,0] offsetsNdc=[0.000000,0.000000 | 0.000000,0.000000] lastFbo=0 program=0 uniformMask=0x00 uniforms={enabled:0 transform:0 screenTransform:0 rows:0} missing=0 finalBlits=88 readFbo=28 texture=71 sourcePhysical=2688x1007 sourceLogical=1344x1007 sourceRect=[16,1330] destinationPhysical=2688x1008 destinationLogical=2688x1008 destinationRect=[33,2659] filter=0x2601 texrectScratch draws=0 rectangles=0 fbo=2 texture=38 size=640x580 classification={source:PACKED_SBS destination:PACKED_SBS splitCount:1}
2026-07-20T20:58:02.539 I pid=20741 tid=20775 [M64P-QuestVR] Quest VR draw class primitive=triangles projection=perspective-folded program=39 uniforms=0x7F framebuffer=8 target=2688 logical=1344 viewport=0,0,2688,2688 scissor=1,34,34,1277,941 sourcePacked=0 vertices=12 modifiedXY=0 geometry=0x00020001 z=1 fog=0 lighting=1 texgen=0 billboard=0 projectionSig=1.8107,2.4142,0.0000,0.0000,-1.0000,0.0000
2026-07-20T20:58:02.550 I pid=20741 tid=20775 [M64P-QuestVR] Quest VR draw class primitive=triangles projection=perspective-folded program=42 uniforms=0x7F framebuffer=8 target=2688 logical=1344 viewport=0,0,2688,2688 scissor=1,34,34,1277,941 sourcePacked=0 vertices=12 modifiedXY=0 geometry=0x00020001 z=1 fog=0 lighting=1 texgen=0 billboard=0 projectionSig=1.8107,2.4142,0.0000,0.0000,-1.0000,0.0000
2026-07-20T20:58:02.559 I pid=20741 tid=20775 [M64P-QuestVR] Quest VR draw class primitive=triangles projection=perspective-folded program=44 uniforms=0x7F framebuffer=8 target=2688 logical=1344 viewport=0,0,2688,2688 scissor=1,34,34,1277,941 sourcePacked=0 vertices=6 modifiedXY=0 geometry=0x00000001 z=1 fog=0 lighting=0 texgen=0 billboard=0 projectionSig=1.8107,2.4142,0.0000,0.0000,-1.0000,0.0000
2026-07-20T20:58:04.388 I pid=20741 tid=20779 [M64P-QuestVR] EGL[frame-current] tid=20779 display=0xb40000768c532b40 context=0xb4000075c7f1e680 draw=0xb4000075c7f1ec00 read=0xb4000075c7f1ec00 config=0xb4000075c0e94560 id=9 client=3 surfaceType=0x15a5 renderable=0x45 rgba=8/8/8/8 GL_VERSION=OpenGL ES 3.2 V@0837.0.7 (GIT@3dbacedba8, I13e643cb5c, 1768227585) (Date:01/12/26) GL_RENDERER=Adreno (TM) 740
2026-07-20T20:58:04.401 I pid=20741 tid=20779 [M64P-QuestVR] frame=600 xrWaitFrame -> 0 (XR_SUCCESS)
2026-07-20T20:58:04.401 I pid=20741 tid=20779 [M64P-QuestVR] frame=600 wait complete predictedDisplayTime=11296434499325 predictedPeriod=13888683 shouldRender=1 sessionState=FOCUSED
2026-07-20T20:58:04.401 I pid=20741 tid=20779 [M64P-QuestVR] frame=600 xrBeginFrame -> 0 (XR_SUCCESS)
2026-07-20T20:58:04.401 I pid=20741 tid=20779 [M64P-QuestVR] frame=600 xrLocateViews -> 0 (XR_SUCCESS)
2026-07-20T20:58:04.401 I pid=20741 tid=20779 [M64P-QuestVR] frame=600 located eye=0 pose=[q 0.0396 0.2970 0.0004 -0.9541, p 0.0132 0.0010 0.0436] fov=[L -0.8552 R 0.7854 U 0.8378 D -0.8727] flags=0xf
2026-07-20T20:58:04.401 I pid=20741 tid=20779 [M64P-QuestVR] frame=600 located eye=1 pose=[q 0.0396 0.2970 0.0004 -0.9541, p 0.0652 0.0024 0.0794] fov=[L -0.7854 R 0.8552 U 0.8378 D -0.8727] flags=0xf
2026-07-20T20:58:04.401 I pid=20741 tid=20779 [M64P-QuestVR] frame=600 xrAcquireSwapchainImage -> 0 (XR_SUCCESS)
2026-07-20T20:58:04.401 I pid=20741 tid=20779 [M64P-QuestVR] frame=600 eye=0 acquired swapchain=0x17 imageIndex=2 texture=3 size=1680x1760
2026-07-20T20:58:04.401 I pid=20741 tid=20779 [M64P-QuestVR] frame=600 xrWaitSwapchainImage -> 0 (XR_SUCCESS)
2026-07-20T20:58:04.401 I pid=20741 tid=20779 [M64P-QuestVR] frame=600 OpenXR source sample destinationEye=0 sourceEye=0 texture=7 baseUv=[0.00000,0 -> 0.50000,1] surfaceMappedUv=[0.00000,1.00000 -> 0.50000,0.00000] source=2688x1008 perEye=1344x1008 destinationViewport=[0,0 1680x1760] quadScale=1.00000x0.71591 sourceFilter=GL_LINEAR
2026-07-20T20:58:04.401 I pid=20741 tid=20779 [M64P-QuestVR] frame=600 xrReleaseSwapchainImage -> 0 (XR_SUCCESS)
2026-07-20T20:58:04.401 I pid=20741 tid=20779 [M64P-QuestVR] frame=600 immersiveProjectionView=0 sourceEye=0 poseSource=MATCHED_SOURCE_FRAME poseAge=27.77ms swapchain=0x17 rect=[0,0 1680x1760] array=0 pose=[q 0.0397 0.2964 0.0003 -0.9542, p 0.0132 0.0009 0.0435] fov=[L -0.8552 R 0.7854 U 0.8378 D -0.8727] source=2688x1008 perEye=1344x1008 ready=1
2026-07-20T20:58:04.401 I pid=20741 tid=20779 [M64P-QuestVR] frame=600 xrAcquireSwapchainImage -> 0 (XR_SUCCESS)
2026-07-20T20:58:04.401 I pid=20741 tid=20779 [M64P-QuestVR] frame=600 eye=1 acquired swapchain=0x18 imageIndex=2 texture=6 size=1680x1760
2026-07-20T20:58:04.401 I pid=20741 tid=20779 [M64P-QuestVR] frame=600 xrWaitSwapchainImage -> 0 (XR_SUCCESS)
2026-07-20T20:58:04.401 I pid=20741 tid=20779 [M64P-QuestVR] frame=600 OpenXR source sample destinationEye=1 sourceEye=1 texture=7 baseUv=[0.50000,0 -> 1.00000,1] surfaceMappedUv=[0.50000,1.00000 -> 1.00000,0.00000] source=2688x1008 perEye=1344x1008 destinationViewport=[0,0 1680x1760] quadScale=1.00000x0.71591 sourceFilter=GL_LINEAR
2026-07-20T20:58:04.402 I pid=20741 tid=20779 [M64P-QuestVR] frame=600 xrReleaseSwapchainImage -> 0 (XR_SUCCESS)
2026-07-20T20:58:04.402 I pid=20741 tid=20779 [M64P-QuestVR] frame=600 immersiveProjectionView=1 sourceEye=1 poseSource=MATCHED_SOURCE_FRAME poseAge=27.77ms swapchain=0x18 rect=[0,0 1680x1760] array=0 pose=[q 0.0397 0.2964 0.0003 -0.9542, p 0.0651 0.0024 0.0792] fov=[L -0.7854 R 0.8552 U 0.8378 D -0.8727] source=2688x1008 perEye=1344x1008 ready=1
2026-07-20T20:58:04.402 I pid=20741 tid=20779 [M64P-QuestVR] frame=600 xrEndFrame input displayTime=11296434499325 blendMode=1 layerCount=1 content=SOURCE_TEXTURE presentation=IMMERSIVE_PROJECTION layerPtr=0x75557f0f80
2026-07-20T20:58:04.402 I pid=20741 tid=20779 [M64P-QuestVR] frame=600 xrEndFrame -> 0 (XR_SUCCESS)
2026-07-20T20:58:04.402 I pid=20741 tid=20779 [M64P-QuestVR] periodic status samples=300 submitted=600 layers=300 visibleLayers=599 state=FOCUSED avgWait=12.98ms avgNative=13.64ms avgWork=0.66ms maxWork=1.37ms presentation=IMMERSIVE_PROJECTION immersiveScale=1.000 sourceTotal=2688x1008 sourcePerEye=1344x1008 contentAspect=1.3333 stereo=1 swapEyes=0 consumerEye=1680x1760 screenScale=1.000 screenDistance=2.000m screenAnchorValid=0 proofLayers=0 sourcePoseAge=27.77ms poseMatches=199 poseMisses=2 textureTs=11296402033608 latchCalls=201 newSourceFrames=199 sourceBlitReady=1
2026-07-20T20:58:04.595 I pid=20741 tid=20779 [M64P-QuestVR] pose q=[0.039 0.298 0.000 -0.954] p=[0.039 0.002 0.062], runtimeIpd=0.0630 fovL=[-0.855 0.785 0.838 -0.873], draws geometry=11706 perspective=11706 orthographic=0 rect=73146 backgroundRect=0 sprite2D=0 blits=0 projection canonical=0 foldedView=11706 loads=217 foldedMultiplies=217 missingTransformProgram=0 vertices=250137 modifiedXY=0 eyes=169704 poseGeneration=1200 targetWidth=2688 targetFallbacks=0 internalFbo allocations=6 n64=320x240 packed=2688x1007 perEye=1344x1007 scale=4.200 nativeFactor=0 viewport=2688x1008 scissor=2688x1008
2026-07-20T20:58:04.595 I pid=20741 tid=20779 [M64P-QuestVR] UI pipeline snapshot reason=BOUNDED_DEBUG screenBatches=0 vertices=0 eyeDraws=[0,0] corrections=[0,0] offsetsNdc=[0.000000,0.000000 | 0.000000,0.000000] lastFbo=0 program=0 uniformMask=0x00 uniforms={enabled:0 transform:0 screenTransform:0 rows:0} missing=0 finalBlits=213 readFbo=111 texture=249 sourcePhysical=2688x1007 sourceLogical=1344x1007 sourceRect=[16,1330] destinationPhysical=2688x1008 destinationLogical=2688x1008 destinationRect=[33,2659] filter=0x2601 texrectScratch draws=0 rectangles=0 fbo=2 texture=38 size=640x580 classification={source:PACKED_SBS destination:PACKED_SBS splitCount:1}
2026-07-20T20:58:07.693+1000 I pid=20741 tid=20779 thread=Render thread [GameSurface] GLideN64 SurfaceTexture callback=300 timestamp=11299702965603 newLatchedFrames=298 externalTexture=7
2026-07-20T20:58:07.694 I pid=20741 tid=20779 [M64P-QuestVR] SurfaceTexture latch call=300 timestamp=11299702965603 previous=11299669447891 newFrames=298 sourceTexture=7 poseMatched=1 tid=20779
2026-07-20T20:58:08.554 I pid=20741 tid=20779 [M64P-QuestVR] EGL[frame-current] tid=20779 display=0xb40000768c532b40 context=0xb4000075c7f1e680 draw=0xb4000075c7f1ec00 read=0xb4000075c7f1ec00 config=0xb4000075c0e94560 id=9 client=3 surfaceType=0x15a5 renderable=0x45 rgba=8/8/8/8 GL_VERSION=OpenGL ES 3.2 V@0837.0.7 (GIT@3dbacedba8, I13e643cb5c, 1768227585) (Date:01/12/26) GL_RENDERER=Adreno (TM) 740
2026-07-20T20:58:08.567 I pid=20741 tid=20779 [M64P-QuestVR] frame=900 xrWaitFrame -> 0 (XR_SUCCESS)
2026-07-20T20:58:08.567 I pid=20741 tid=20779 [M64P-QuestVR] frame=900 wait complete predictedDisplayTime=11300600657899 predictedPeriod=13888676 shouldRender=1 sessionState=FOCUSED
2026-07-20T20:58:08.567 I pid=20741 tid=20779 [M64P-QuestVR] frame=900 xrBeginFrame -> 0 (XR_SUCCESS)
2026-07-20T20:58:08.567 I pid=20741 tid=20779 [M64P-QuestVR] frame=900 xrLocateViews -> 0 (XR_SUCCESS)
2026-07-20T20:58:08.567 I pid=20741 tid=20779 [M64P-QuestVR] frame=900 located eye=0 pose=[q 0.0095 0.3173 -0.0111 -0.9482, p 0.0169 0.0079 0.0502] fov=[L -0.8552 R 0.7854 U 0.8378 D -0.8727] flags=0xf
2026-07-20T20:58:08.567 I pid=20741 tid=20779 [M64P-QuestVR] frame=900 located eye=1 pose=[q 0.0095 0.3173 -0.0111 -0.9482, p 0.0672 0.0096 0.0881] fov=[L -0.7854 R 0.8552 U 0.8378 D -0.8727] flags=0xf
2026-07-20T20:58:08.567 I pid=20741 tid=20779 [M64P-QuestVR] frame=900 xrAcquireSwapchainImage -> 0 (XR_SUCCESS)
2026-07-20T20:58:08.567 I pid=20741 tid=20779 [M64P-QuestVR] frame=900 eye=0 acquired swapchain=0x17 imageIndex=2 texture=3 size=1680x1760
2026-07-20T20:58:08.567 I pid=20741 tid=20779 [M64P-QuestVR] frame=900 xrWaitSwapchainImage -> 0 (XR_SUCCESS)
2026-07-20T20:58:08.567 I pid=20741 tid=20779 [M64P-QuestVR] frame=900 OpenXR source sample destinationEye=0 sourceEye=0 texture=7 baseUv=[0.00000,0 -> 0.50000,1] surfaceMappedUv=[0.00000,1.00000 -> 0.50000,0.00000] source=2688x1008 perEye=1344x1008 destinationViewport=[0,0 1680x1760] quadScale=1.00000x0.71591 sourceFilter=GL_LINEAR
2026-07-20T20:58:08.567 I pid=20741 tid=20779 [M64P-QuestVR] frame=900 xrReleaseSwapchainImage -> 0 (XR_SUCCESS)
2026-07-20T20:58:08.567 I pid=20741 tid=20779 [M64P-QuestVR] frame=900 immersiveProjectionView=0 sourceEye=0 poseSource=MATCHED_SOURCE_FRAME poseAge=55.55ms swapchain=0x17 rect=[0,0 1680x1760] array=0 pose=[q 0.0095 0.3173 -0.0111 -0.9482, p 0.0169 0.0078 0.0502] fov=[L -0.8552 R 0.7854 U 0.8378 D -0.8727] source=2688x1008 perEye=1344x1008 ready=1
2026-07-20T20:58:08.567 I pid=20741 tid=20779 [M64P-QuestVR] frame=900 xrAcquireSwapchainImage -> 0 (XR_SUCCESS)
2026-07-20T20:58:08.567 I pid=20741 tid=20779 [M64P-QuestVR] frame=900 eye=1 acquired swapchain=0x18 imageIndex=2 texture=6 size=1680x1760
2026-07-20T20:58:08.568 I pid=20741 tid=20779 [M64P-QuestVR] frame=900 xrWaitSwapchainImage -> 0 (XR_SUCCESS)
2026-07-20T20:58:08.568 I pid=20741 tid=20779 [M64P-QuestVR] frame=900 OpenXR source sample destinationEye=1 sourceEye=1 texture=7 baseUv=[0.50000,0 -> 1.00000,1] surfaceMappedUv=[0.50000,1.00000 -> 1.00000,0.00000] source=2688x1008 perEye=1344x1008 destinationViewport=[0,0 1680x1760] quadScale=1.00000x0.71591 sourceFilter=GL_LINEAR
2026-07-20T20:58:08.568 I pid=20741 tid=20779 [M64P-QuestVR] frame=900 xrReleaseSwapchainImage -> 0 (XR_SUCCESS)
2026-07-20T20:58:08.568 I pid=20741 tid=20779 [M64P-QuestVR] frame=900 immersiveProjectionView=1 sourceEye=1 poseSource=MATCHED_SOURCE_FRAME poseAge=55.55ms swapchain=0x18 rect=[0,0 1680x1760] array=0 pose=[q 0.0095 0.3173 -0.0111 -0.9482, p 0.0672 0.0095 0.0881] fov=[L -0.7854 R 0.8552 U 0.8378 D -0.8727] source=2688x1008 perEye=1344x1008 ready=1
2026-07-20T20:58:08.568 I pid=20741 tid=20779 [M64P-QuestVR] frame=900 xrEndFrame input displayTime=11300600657899 blendMode=1 layerCount=1 content=SOURCE_TEXTURE presentation=IMMERSIVE_PROJECTION layerPtr=0x75557f0f80
2026-07-20T20:58:08.568 I pid=20741 tid=20779 [M64P-QuestVR] frame=900 xrEndFrame -> 0 (XR_SUCCESS)
2026-07-20T20:58:08.568 I pid=20741 tid=20779 [M64P-QuestVR] periodic status samples=300 submitted=900 layers=300 visibleLayers=899 state=FOCUSED avgWait=12.98ms avgNative=13.64ms avgWork=0.66ms maxWork=1.34ms presentation=IMMERSIVE_PROJECTION immersiveScale=1.000 sourceTotal=2688x1008 sourcePerEye=1344x1008 contentAspect=1.3333 stereo=1 swapEyes=0 consumerEye=1680x1760 screenScale=1.000 screenDistance=2.000m screenAnchorValid=0 proofLayers=0 sourcePoseAge=55.55ms poseMatches=323 poseMisses=2 textureTs=11300536570582 latchCalls=325 newSourceFrames=323 sourceBlitReady=1
2026-07-20T20:58:08.761 I pid=20741 tid=20779 [M64P-QuestVR] pose q=[0.009 0.316 -0.012 -0.949] p=[0.042 0.009 0.069], runtimeIpd=0.0630 fovL=[-0.855 0.785 0.838 -0.873], draws geometry=34845 perspective=34845 orthographic=0 rect=133901 backgroundRect=0 sprite2D=0 blits=0 projection canonical=0 foldedView=34845 loads=342 foldedMultiplies=342 missingTransformProgram=0 vertices=749463 modifiedXY=0 eyes=337492 poseGeneration=1800 targetWidth=2688 targetFallbacks=0 internalFbo allocations=6 n64=320x240 packed=2688x1007 perEye=1344x1007 scale=4.200 nativeFactor=0 viewport=2688x1008 scissor=2688x1008
2026-07-20T20:58:08.761 I pid=20741 tid=20779 [M64P-QuestVR] UI pipeline snapshot reason=BOUNDED_DEBUG screenBatches=0 vertices=0 eyeDraws=[0,0] corrections=[0,0] offsetsNdc=[0.000000,0.000000 | 0.000000,0.000000] lastFbo=0 program=0 uniformMask=0x00 uniforms={enabled:0 transform:0 screenTransform:0 rows:0} missing=0 finalBlits=338 readFbo=194 texture=332 sourcePhysical=2688x1007 sourceLogical=1344x1007 sourceRect=[16,1330] destinationPhysical=2688x1008 destinationLogical=2688x1008 destinationRect=[33,2659] filter=0x2601 texrectScratch draws=0 rectangles=0 fbo=2 texture=38 size=640x580 classification={source:PACKED_SBS destination:PACKED_SBS splitCount:1}
2026-07-20T20:58:12.354 I pid=20741 tid=20775 [M64P-QuestVR] Quest VR draw class primitive=triangles projection=non-perspective program=46 uniforms=0x7F framebuffer=9 target=2688 logical=1344 viewport=0,0,2688,2688 scissor=1,34,34,1277,941 sourcePacked=0 vertices=6 modifiedXY=0 geometry=0x00000000 z=0 fog=0 lighting=0 texgen=0 billboard=0 projectionSig=0.0062,0.0083,0.0000,0.0000,0.0000,1.0000
2026-07-20T20:58:12.720 I pid=20741 tid=20779 [M64P-QuestVR] EGL[frame-current] tid=20779 display=0xb40000768c532b40 context=0xb4000075c7f1e680 draw=0xb4000075c7f1ec00 read=0xb4000075c7f1ec00 config=0xb4000075c0e94560 id=9 client=3 surfaceType=0x15a5 renderable=0x45 rgba=8/8/8/8 GL_VERSION=OpenGL ES 3.2 V@0837.0.7 (GIT@3dbacedba8, I13e643cb5c, 1768227585) (Date:01/12/26) GL_RENDERER=Adreno (TM) 740
2026-07-20T20:58:12.733 I pid=20741 tid=20779 [M64P-QuestVR] frame=1200 xrWaitFrame -> 0 (XR_SUCCESS)
2026-07-20T20:58:12.733 I pid=20741 tid=20779 [M64P-QuestVR] frame=1200 wait complete predictedDisplayTime=11304766818876 predictedPeriod=13888683 shouldRender=1 sessionState=FOCUSED
2026-07-20T20:58:12.733 I pid=20741 tid=20779 [M64P-QuestVR] frame=1200 xrBeginFrame -> 0 (XR_SUCCESS)
2026-07-20T20:58:12.733 I pid=20741 tid=20779 [M64P-QuestVR] frame=1200 xrLocateViews -> 0 (XR_SUCCESS)
2026-07-20T20:58:12.733 I pid=20741 tid=20779 [M64P-QuestVR] frame=1200 located eye=0 pose=[q 0.0367 0.3331 -0.0003 -0.9422, p 0.0260 0.0013 0.0479] fov=[L -0.8552 R 0.7854 U 0.8378 D -0.8727] flags=0xf
2026-07-20T20:58:12.733 I pid=20741 tid=20779 [M64P-QuestVR] frame=1200 located eye=1 pose=[q 0.0367 0.3331 -0.0003 -0.9422, p 0.0751 0.0029 0.0874] fov=[L -0.7854 R 0.8552 U 0.8378 D -0.8727] flags=0xf
2026-07-20T20:58:12.733 I pid=20741 tid=20779 [M64P-QuestVR] frame=1200 xrAcquireSwapchainImage -> 0 (XR_SUCCESS)
2026-07-20T20:58:12.733 I pid=20741 tid=20779 [M64P-QuestVR] frame=1200 eye=0 acquired swapchain=0x17 imageIndex=2 texture=3 size=1680x1760
2026-07-20T20:58:12.733 I pid=20741 tid=20779 [M64P-QuestVR] frame=1200 xrWaitSwapchainImage -> 0 (XR_SUCCESS)
2026-07-20T20:58:12.733 I pid=20741 tid=20779 [M64P-QuestVR] frame=1200 OpenXR source sample destinationEye=0 sourceEye=0 texture=7 baseUv=[0.00000,0 -> 0.50000,1] surfaceMappedUv=[0.00000,1.00000 -> 0.50000,0.00000] source=2688x1008 perEye=1344x1008 destinationViewport=[0,0 1680x1760] quadScale=1.00000x0.71591 sourceFilter=GL_LINEAR
2026-07-20T20:58:12.733 I pid=20741 tid=20779 [M64P-QuestVR] frame=1200 xrReleaseSwapchainImage -> 0 (XR_SUCCESS)
2026-07-20T20:58:12.733 I pid=20741 tid=20779 [M64P-QuestVR] frame=1200 immersiveProjectionView=0 sourceEye=0 poseSource=MATCHED_SOURCE_FRAME poseAge=55.55ms swapchain=0x17 rect=[0,0 1680x1760] array=0 pose=[q 0.0370 0.3325 -0.0001 -0.9424, p 0.0260 0.0013 0.0479] fov=[L -0.8552 R 0.7854 U 0.8378 D -0.8727] source=2688x1008 perEye=1344x1008 ready=1
2026-07-20T20:58:12.733 I pid=20741 tid=20779 [M64P-QuestVR] frame=1200 xrAcquireSwapchainImage -> 0 (XR_SUCCESS)
2026-07-20T20:58:12.733 I pid=20741 tid=20779 [M64P-QuestVR] frame=1200 eye=1 acquired swapchain=0x18 imageIndex=2 texture=6 size=1680x1760
2026-07-20T20:58:12.733 I pid=20741 tid=20779 [M64P-QuestVR] frame=1200 xrWaitSwapchainImage -> 0 (XR_SUCCESS)
2026-07-20T20:58:12.733 I pid=20741 tid=20779 [M64P-QuestVR] frame=1200 OpenXR source sample destinationEye=1 sourceEye=1 texture=7 baseUv=[0.50000,0 -> 1.00000,1] surfaceMappedUv=[0.50000,1.00000 -> 1.00000,0.00000] source=2688x1008 perEye=1344x1008 destinationViewport=[0,0 1680x1760] quadScale=1.00000x0.71591 sourceFilter=GL_LINEAR
2026-07-20T20:58:12.733 I pid=20741 tid=20779 [M64P-QuestVR] frame=1200 xrReleaseSwapchainImage -> 0 (XR_SUCCESS)
2026-07-20T20:58:12.733 I pid=20741 tid=20779 [M64P-QuestVR] frame=1200 immersiveProjectionView=1 sourceEye=1 poseSource=MATCHED_SOURCE_FRAME poseAge=55.55ms swapchain=0x18 rect=[0,0 1680x1760] array=0 pose=[q 0.0370 0.3325 -0.0001 -0.9424, p 0.0751 0.0028 0.0874] fov=[L -0.7854 R 0.8552 U 0.8378 D -0.8727] source=2688x1008 perEye=1344x1008 ready=1
2026-07-20T20:58:12.733 I pid=20741 tid=20779 [M64P-QuestVR] frame=1200 xrEndFrame input displayTime=11304766818876 blendMode=1 layerCount=1 content=SOURCE_TEXTURE presentation=IMMERSIVE_PROJECTION layerPtr=0x75557f0f80
2026-07-20T20:58:12.734 I pid=20741 tid=20779 [M64P-QuestVR] frame=1200 xrEndFrame -> 0 (XR_SUCCESS)
2026-07-20T20:58:12.734 I pid=20741 tid=20779 [M64P-QuestVR] periodic status samples=300 submitted=1200 layers=300 visibleLayers=1199 state=FOCUSED avgWait=13.00ms avgNative=13.64ms avgWork=0.64ms maxWork=1.29ms presentation=IMMERSIVE_PROJECTION immersiveScale=1.000 sourceTotal=2688x1008 sourcePerEye=1344x1008 contentAspect=1.3333 stereo=1 swapEyes=0 consumerEye=1680x1760 screenScale=1.000 screenDistance=2.000m screenAnchorValid=0 proofLayers=0 sourcePoseAge=55.55ms poseMatches=462 poseMisses=2 textureTs=11304704174226 latchCalls=464 newSourceFrames=462 sourceBlitReady=1
2026-07-20T20:58:12.927 I pid=20741 tid=20779 [M64P-QuestVR] pose q=[0.034 0.345 -0.001 -0.938] p=[0.052 0.004 0.069], runtimeIpd=0.0630 fovL=[-0.855 0.785 0.838 -0.873], draws geometry=51513 perspective=51405 orthographic=108 rect=183544 backgroundRect=0 sprite2D=0 blits=0 projection canonical=0 foldedView=51405 loads=668 foldedMultiplies=560 missingTransformProgram=0 vertices=1112007 modifiedXY=0 eyes=470114 poseGeneration=2400 targetWidth=2688 targetFallbacks=0 internalFbo allocations=6 n64=320x240 packed=2688x1007 perEye=1344x1007 scale=4.200 nativeFactor=0 viewport=2688x1008 scissor=2688x1008
2026-07-20T20:58:12.927 I pid=20741 tid=20779 [M64P-QuestVR] UI pipeline snapshot reason=BOUNDED_DEBUG screenBatches=0 vertices=0 eyeDraws=[0,0] corrections=[0,0] offsetsNdc=[0.000000,0.000000 | 0.000000,0.000000] lastFbo=0 program=0 uniformMask=0x00 uniforms={enabled:0 transform:0 screenTransform:0 rows:0} missing=0 finalBlits=448 readFbo=268 texture=416 sourcePhysical=2688x1007 sourceLogical=1344x1007 sourceRect=[16,1330] destinationPhysical=2688x1008 destinationLogical=2688x1008 destinationRect=[33,2659] filter=0x2601 texrectScratch draws=0 rectangles=0 fbo=2 texture=38 size=640x580 classification={source:PACKED_SBS destination:PACKED_SBS splitCount:1}
2026-07-20T20:58:16.887 I pid=20741 tid=20779 [M64P-QuestVR] EGL[frame-current] tid=20779 display=0xb40000768c532b40 context=0xb4000075c7f1e680 draw=0xb4000075c7f1ec00 read=0xb4000075c7f1ec00 config=0xb4000075c0e94560 id=9 client=3 surfaceType=0x15a5 renderable=0x45 rgba=8/8/8/8 GL_VERSION=OpenGL ES 3.2 V@0837.0.7 (GIT@3dbacedba8, I13e643cb5c, 1768227585) (Date:01/12/26) GL_RENDERER=Adreno (TM) 740
2026-07-20T20:58:16.899 I pid=20741 tid=20779 [M64P-QuestVR] frame=1500 xrWaitFrame -> 0 (XR_SUCCESS)
2026-07-20T20:58:16.899 I pid=20741 tid=20779 [M64P-QuestVR] frame=1500 wait complete predictedDisplayTime=11308932979711 predictedPeriod=13888676 shouldRender=1 sessionState=FOCUSED
2026-07-20T20:58:16.899 I pid=20741 tid=20779 [M64P-QuestVR] frame=1500 xrBeginFrame -> 0 (XR_SUCCESS)
2026-07-20T20:58:16.899 I pid=20741 tid=20779 [M64P-QuestVR] frame=1500 xrLocateViews -> 0 (XR_SUCCESS)
2026-07-20T20:58:16.899 I pid=20741 tid=20779 [M64P-QuestVR] frame=1500 located eye=0 pose=[q 0.0241 0.2909 -0.0109 -0.9564, p 0.0120 0.0043 0.0461] fov=[L -0.8552 R 0.7854 U 0.8378 D -0.8727] flags=0xf
2026-07-20T20:58:16.899 I pid=20741 tid=20779 [M64P-QuestVR] frame=1500 located eye=1 pose=[q 0.0241 0.2909 -0.0109 -0.9564, p 0.0643 0.0065 0.0811] fov=[L -0.7854 R 0.8552 U 0.8378 D -0.8727] flags=0xf
2026-07-20T20:58:16.899 I pid=20741 tid=20779 [M64P-QuestVR] frame=1500 xrAcquireSwapchainImage -> 0 (XR_SUCCESS)
2026-07-20T20:58:16.899 I pid=20741 tid=20779 [M64P-QuestVR] frame=1500 eye=0 acquired swapchain=0x17 imageIndex=2 texture=3 size=1680x1760
2026-07-20T20:58:16.899 I pid=20741 tid=20779 [M64P-QuestVR] frame=1500 xrWaitSwapchainImage -> 0 (XR_SUCCESS)
2026-07-20T20:58:16.899 I pid=20741 tid=20779 [M64P-QuestVR] frame=1500 OpenXR source sample destinationEye=0 sourceEye=0 texture=7 baseUv=[0.00000,0 -> 0.50000,1] surfaceMappedUv=[0.00000,1.00000 -> 0.50000,0.00000] source=2688x1008 perEye=1344x1008 destinationViewport=[0,0 1680x1760] quadScale=1.00000x0.71591 sourceFilter=GL_LINEAR
2026-07-20T20:58:16.899 I pid=20741 tid=20779 [M64P-QuestVR] frame=1500 xrReleaseSwapchainImage -> 0 (XR_SUCCESS)
2026-07-20T20:58:16.899 I pid=20741 tid=20779 [M64P-QuestVR] frame=1500 immersiveProjectionView=0 sourceEye=0 poseSource=MATCHED_SOURCE_FRAME poseAge=55.55ms swapchain=0x17 rect=[0,0 1680x1760] array=0 pose=[q 0.0245 0.2911 -0.0109 -0.9563, p 0.0120 0.0042 0.0461] fov=[L -0.8552 R 0.7854 U 0.8378 D -0.8727] source=2688x1008 perEye=1344x1008 ready=1
2026-07-20T20:58:16.899 I pid=20741 tid=20779 [M64P-QuestVR] frame=1500 xrAcquireSwapchainImage -> 0 (XR_SUCCESS)
2026-07-20T20:58:16.899 I pid=20741 tid=20779 [M64P-QuestVR] frame=1500 eye=1 acquired swapchain=0x18 imageIndex=2 texture=6 size=1680x1760
2026-07-20T20:58:16.899 I pid=20741 tid=20779 [M64P-QuestVR] frame=1500 xrWaitSwapchainImage -> 0 (XR_SUCCESS)
2026-07-20T20:58:16.900 I pid=20741 tid=20779 [M64P-QuestVR] frame=1500 OpenXR source sample destinationEye=1 sourceEye=1 texture=7 baseUv=[0.50000,0 -> 1.00000,1] surfaceMappedUv=[0.50000,1.00000 -> 1.00000,0.00000] source=2688x1008 perEye=1344x1008 destinationViewport=[0,0 1680x1760] quadScale=1.00000x0.71591 sourceFilter=GL_LINEAR
2026-07-20T20:58:16.900 I pid=20741 tid=20779 [M64P-QuestVR] frame=1500 xrReleaseSwapchainImage -> 0 (XR_SUCCESS)
2026-07-20T20:58:16.900 I pid=20741 tid=20779 [M64P-QuestVR] frame=1500 immersiveProjectionView=1 sourceEye=1 poseSource=MATCHED_SOURCE_FRAME poseAge=55.55ms swapchain=0x18 rect=[0,0 1680x1760] array=0 pose=[q 0.0245 0.2911 -0.0109 -0.9563, p 0.0643 0.0064 0.0811] fov=[L -0.7854 R 0.8552 U 0.8378 D -0.8727] source=2688x1008 perEye=1344x1008 ready=1
2026-07-20T20:58:16.900 I pid=20741 tid=20779 [M64P-QuestVR] frame=1500 xrEndFrame input displayTime=11308932979711 blendMode=1 layerCount=1 content=SOURCE_TEXTURE presentation=IMMERSIVE_PROJECTION layerPtr=0x75557f0f80
2026-07-20T20:58:16.900 I pid=20741 tid=20779 [M64P-QuestVR] frame=1500 xrEndFrame -> 0 (XR_SUCCESS)
2026-07-20T20:58:16.900 I pid=20741 tid=20779 [M64P-QuestVR] periodic status samples=300 submitted=1500 layers=300 visibleLayers=1499 state=FOCUSED avgWait=13.03ms avgNative=13.66ms avgWork=0.63ms maxWork=1.19ms presentation=IMMERSIVE_PROJECTION immersiveScale=1.000 sourceTotal=2688x1008 sourcePerEye=1344x1008 contentAspect=1.3333 stereo=1 swapEyes=0 consumerEye=1680x1760 screenScale=1.000 screenDistance=2.000m screenAnchorValid=0 proofLayers=0 sourcePoseAge=55.55ms poseMatches=587 poseMisses=2 textureTs=11308870128912 latchCalls=589 newSourceFrames=587 sourceBlitReady=1
2026-07-20T20:58:17.094 I pid=20741 tid=20779 [M64P-QuestVR] pose q=[0.025 0.292 -0.010 -0.956] p=[0.038 0.005 0.064], runtimeIpd=0.0630 fovL=[-0.855 0.785 0.838 -0.873], draws geometry=54497 perspective=53639 orthographic=858 rect=236919 backgroundRect=0 sprite2D=0 blits=0 projection canonical=0 foldedView=53639 loads=2293 foldedMultiplies=1435 missingTransformProgram=0 vertices=1135512 modifiedXY=0 eyes=582832 poseGeneration=3000 targetWidth=2688 targetFallbacks=0 internalFbo allocations=6 n64=320x240 packed=2688x1007 perEye=1344x1007 scale=4.200 nativeFactor=0 viewport=2688x1008 scissor=2688x1008
2026-07-20T20:58:17.094 I pid=20741 tid=20779 [M64P-QuestVR] UI pipeline snapshot reason=BOUNDED_DEBUG screenBatches=0 vertices=0 eyeDraws=[0,0] corrections=[0,0] offsetsNdc=[0.000000,0.000000 | 0.000000,0.000000] lastFbo=0 program=0 uniformMask=0x00 uniforms={enabled:0 transform:0 screenTransform:0 rows:0} missing=0 finalBlits=573 readFbo=351 texture=499 sourcePhysical=2688x1007 sourceLogical=1344x1007 sourceRect=[16,1330] destinationPhysical=2688x1008 destinationLogical=2688x1008 destinationRect=[33,2659] filter=0x2601 texrectScratch draws=0 rectangles=0 fbo=2 texture=38 size=640x580 classification={source:PACKED_SBS destination:PACKED_SBS splitCount:1}
2026-07-20T20:58:17.233+1000 I pid=20741 tid=20779 thread=Render thread [GameSurface] GLideN64 SurfaceTexture callback=600 timestamp=11309237701084 newLatchedFrames=598 externalTexture=7
2026-07-20T20:58:17.234 I pid=20741 tid=20779 [M64P-QuestVR] SurfaceTexture latch call=600 timestamp=11309237701084 previous=11309205784675 newFrames=598 sourceTexture=7 poseMatched=1 tid=20779
2026-07-20T20:58:18.852 I pid=20741 tid=20775 [M64P-QuestVR] Quest VR draw class primitive=triangles projection=non-perspective program=44 uniforms=0x7F framebuffer=9 target=2688 logical=1344 viewport=0,0,2688,2688 scissor=1,34,34,1277,941 sourcePacked=0 vertices=6 modifiedXY=0 geometry=0x00000000 z=0 fog=0 lighting=0 texgen=0 billboard=0 projectionSig=0.0062,0.0083,0.0000,0.0000,0.0000,1.0000
2026-07-20T20:58:20.527 I pid=20741 tid=20775 [M64P-QuestVR] Quest VR draw class primitive=triangles projection=perspective-folded program=48 uniforms=0x7F framebuffer=8 target=2688 logical=1344 viewport=0,0,2688,2688 scissor=1,34,34,1277,941 sourcePacked=0 vertices=6 modifiedXY=0 geometry=0x00000001 z=1 fog=0 lighting=0 texgen=0 billboard=0 projectionSig=1.8107,2.4142,0.0000,0.0000,-1.0000,0.0000
2026-07-20T20:58:21.053 I pid=20741 tid=20779 [M64P-QuestVR] EGL[frame-current] tid=20779 display=0xb40000768c532b40 context=0xb4000075c7f1e680 draw=0xb4000075c7f1ec00 read=0xb4000075c7f1ec00 config=0xb4000075c0e94560 id=9 client=3 surfaceType=0x15a5 renderable=0x45 rgba=8/8/8/8 GL_VERSION=OpenGL ES 3.2 V@0837.0.7 (GIT@3dbacedba8, I13e643cb5c, 1768227585) (Date:01/12/26) GL_RENDERER=Adreno (TM) 740
2026-07-20T20:58:21.065 I pid=20741 tid=20779 [M64P-QuestVR] frame=1800 xrWaitFrame -> 0 (XR_SUCCESS)
2026-07-20T20:58:21.065 I pid=20741 tid=20779 [M64P-QuestVR] frame=1800 wait complete predictedDisplayTime=11313099142877 predictedPeriod=13888676 shouldRender=1 sessionState=FOCUSED
2026-07-20T20:58:21.065 I pid=20741 tid=20779 [M64P-QuestVR] frame=1800 xrBeginFrame -> 0 (XR_SUCCESS)
2026-07-20T20:58:21.065 I pid=20741 tid=20779 [M64P-QuestVR] frame=1800 xrLocateViews -> 0 (XR_SUCCESS)
2026-07-20T20:58:21.065 I pid=20741 tid=20779 [M64P-QuestVR] frame=1800 located eye=0 pose=[q 0.0256 0.2899 -0.0129 -0.9566, p 0.0098 0.0042 0.0454] fov=[L -0.8552 R 0.7854 U 0.8378 D -0.8727] flags=0xf
2026-07-20T20:58:21.065 I pid=20741 tid=20779 [M64P-QuestVR] frame=1800 located eye=1 pose=[q 0.0256 0.2899 -0.0129 -0.9566, p 0.0622 0.0067 0.0803] fov=[L -0.7854 R 0.8552 U 0.8378 D -0.8727] flags=0xf
2026-07-20T20:58:21.065 I pid=20741 tid=20779 [M64P-QuestVR] frame=1800 xrAcquireSwapchainImage -> 0 (XR_SUCCESS)
2026-07-20T20:58:21.066 I pid=20741 tid=20779 [M64P-QuestVR] frame=1800 eye=0 acquired swapchain=0x17 imageIndex=2 texture=3 size=1680x1760
2026-07-20T20:58:21.066 I pid=20741 tid=20779 [M64P-QuestVR] frame=1800 xrWaitSwapchainImage -> 0 (XR_SUCCESS)
2026-07-20T20:58:21.066 I pid=20741 tid=20779 [M64P-QuestVR] frame=1800 OpenXR source sample destinationEye=0 sourceEye=0 texture=7 baseUv=[0.00000,0 -> 0.50000,1] surfaceMappedUv=[0.00000,1.00000 -> 0.50000,0.00000] source=2688x1008 perEye=1344x1008 destinationViewport=[0,0 1680x1760] quadScale=1.00000x0.71591 sourceFilter=GL_LINEAR
2026-07-20T20:58:21.066 I pid=20741 tid=20779 [M64P-QuestVR] frame=1800 xrReleaseSwapchainImage -> 0 (XR_SUCCESS)
2026-07-20T20:58:21.066 I pid=20741 tid=20779 [M64P-QuestVR] frame=1800 immersiveProjectionView=0 sourceEye=0 poseSource=MATCHED_SOURCE_FRAME poseAge=55.55ms swapchain=0x17 rect=[0,0 1680x1760] array=0 pose=[q 0.0262 0.2895 -0.0129 -0.9567, p 0.0097 0.0041 0.0454] fov=[L -0.8552 R 0.7854 U 0.8378 D -0.8727] source=2688x1008 perEye=1344x1008 ready=1
2026-07-20T20:58:21.066 I pid=20741 tid=20779 [M64P-QuestVR] frame=1800 xrAcquireSwapchainImage -> 0 (XR_SUCCESS)
2026-07-20T20:58:21.066 I pid=20741 tid=20779 [M64P-QuestVR] frame=1800 eye=1 acquired swapchain=0x18 imageIndex=2 texture=6 size=1680x1760
2026-07-20T20:58:21.066 I pid=20741 tid=20779 [M64P-QuestVR] frame=1800 xrWaitSwapchainImage -> 0 (XR_SUCCESS)
2026-07-20T20:58:21.066 I pid=20741 tid=20779 [M64P-QuestVR] frame=1800 OpenXR source sample destinationEye=1 sourceEye=1 texture=7 baseUv=[0.50000,0 -> 1.00000,1] surfaceMappedUv=[0.50000,1.00000 -> 1.00000,0.00000] source=2688x1008 perEye=1344x1008 destinationViewport=[0,0 1680x1760] quadScale=1.00000x0.71591 sourceFilter=GL_LINEAR
2026-07-20T20:58:21.066 I pid=20741 tid=20779 [M64P-QuestVR] frame=1800 xrReleaseSwapchainImage -> 0 (XR_SUCCESS)
2026-07-20T20:58:21.066 I pid=20741 tid=20779 [M64P-QuestVR] frame=1800 immersiveProjectionView=1 sourceEye=1 poseSource=MATCHED_SOURCE_FRAME poseAge=55.55ms swapchain=0x18 rect=[0,0 1680x1760] array=0 pose=[q 0.0262 0.2895 -0.0129 -0.9567, p 0.0621 0.0066 0.0803] fov=[L -0.7854 R 0.8552 U 0.8378 D -0.8727] source=2688x1008 perEye=1344x1008 ready=1
2026-07-20T20:58:21.066 I pid=20741 tid=20779 [M64P-QuestVR] frame=1800 xrEndFrame input displayTime=11313099142877 blendMode=1 layerCount=1 content=SOURCE_TEXTURE presentation=IMMERSIVE_PROJECTION layerPtr=0x75557f0f80
2026-07-20T20:58:21.066 I pid=20741 tid=20779 [M64P-QuestVR] frame=1800 xrEndFrame -> 0 (XR_SUCCESS)
2026-07-20T20:58:21.067 I pid=20741 tid=20779 [M64P-QuestVR] periodic status samples=300 submitted=1800 layers=300 visibleLayers=1799 state=FOCUSED avgWait=13.02ms avgNative=13.65ms avgWork=0.64ms maxWork=1.26ms presentation=IMMERSIVE_PROJECTION immersiveScale=1.000 sourceTotal=2688x1008 sourcePerEye=1344x1008 contentAspect=1.3333 stereo=1 swapEyes=0 consumerEye=1680x1760 screenScale=1.000 screenDistance=2.000m screenAnchorValid=0 proofLayers=0 sourcePoseAge=55.55ms poseMatches=700 poseMisses=2 textureTs=11313041416515 latchCalls=702 newSourceFrames=700 sourceBlitReady=1
2026-07-20T20:58:21.260 I pid=20741 tid=20779 [M64P-QuestVR] pose q=[0.026 0.290 -0.013 -0.957] p=[0.036 0.005 0.063], runtimeIpd=0.0630 fovL=[-0.855 0.785 0.838 -0.873], draws geometry=57490 perspective=56248 orthographic=1242 rect=284306 backgroundRect=0 sprite2D=0 blits=0 projection canonical=0 foldedView=56248 loads=3171 foldedMultiplies=1929 missingTransformProgram=0 vertices=1163724 modifiedXY=0 eyes=683592 poseGeneration=3600 targetWidth=2688 targetFallbacks=0 internalFbo allocations=6 n64=320x240 packed=2688x1007 perEye=1344x1007 scale=4.200 nativeFactor=0 viewport=2688x1008 scissor=2688x1008
2026-07-20T20:58:21.260 I pid=20741 tid=20779 [M64P-QuestVR] UI pipeline snapshot reason=BOUNDED_DEBUG screenBatches=0 vertices=0 eyeDraws=[0,0] corrections=[0,0] offsetsNdc=[0.000000,0.000000 | 0.000000,0.000000] lastFbo=0 program=0 uniformMask=0x00 uniforms={enabled:0 transform:0 screenTransform:0 rows:0} missing=0 finalBlits=682 readFbo=422 texture=725 sourcePhysical=2688x1007 sourceLogical=1344x1007 sourceRect=[16,1330] destinationPhysical=2688x1008 destinationLogical=2688x1008 destinationRect=[33,2659] filter=0x2601 texrectScratch draws=0 rectangles=0 fbo=2 texture=38 size=640x580 classification={source:PACKED_SBS destination:PACKED_SBS splitCount:1}
2026-07-20T20:58:25.219 I pid=20741 tid=20779 [M64P-QuestVR] EGL[frame-current] tid=20779 display=0xb40000768c532b40 context=0xb4000075c7f1e680 draw=0xb4000075c7f1ec00 read=0xb4000075c7f1ec00 config=0xb4000075c0e94560 id=9 client=3 surfaceType=0x15a5 renderable=0x45 rgba=8/8/8/8 GL_VERSION=OpenGL ES 3.2 V@0837.0.7 (GIT@3dbacedba8, I13e643cb5c, 1768227585) (Date:01/12/26) GL_RENDERER=Adreno (TM) 740
2026-07-20T20:58:25.231 I pid=20741 tid=20779 [M64P-QuestVR] frame=2100 xrWaitFrame -> 0 (XR_SUCCESS)
2026-07-20T20:58:25.231 I pid=20741 tid=20779 [M64P-QuestVR] frame=2100 wait complete predictedDisplayTime=11317265301521 predictedPeriod=13888676 shouldRender=1 sessionState=FOCUSED
2026-07-20T20:58:25.232 I pid=20741 tid=20779 [M64P-QuestVR] frame=2100 xrBeginFrame -> 0 (XR_SUCCESS)
2026-07-20T20:58:25.232 I pid=20741 tid=20779 [M64P-QuestVR] frame=2100 xrLocateViews -> 0 (XR_SUCCESS)
2026-07-20T20:58:25.232 I pid=20741 tid=20779 [M64P-QuestVR] frame=2100 located eye=0 pose=[q 0.0413 0.2900 -0.0090 -0.9561, p 0.0107 0.0012 0.0444] fov=[L -0.8552 R 0.7854 U 0.8378 D -0.8727] flags=0xf
2026-07-20T20:58:25.232 I pid=20741 tid=20779 [M64P-QuestVR] frame=2100 located eye=1 pose=[q 0.0413 0.2900 -0.0090 -0.9561, p 0.0631 0.0037 0.0793] fov=[L -0.7854 R 0.8552 U 0.8378 D -0.8727] flags=0xf
2026-07-20T20:58:25.232 I pid=20741 tid=20779 [M64P-QuestVR] frame=2100 xrAcquireSwapchainImage -> 0 (XR_SUCCESS)
2026-07-20T20:58:25.232 I pid=20741 tid=20779 [M64P-QuestVR] frame=2100 eye=0 acquired swapchain=0x17 imageIndex=2 texture=3 size=1680x1760
2026-07-20T20:58:25.232 I pid=20741 tid=20779 [M64P-QuestVR] frame=2100 xrWaitSwapchainImage -> 0 (XR_SUCCESS)
2026-07-20T20:58:25.232 I pid=20741 tid=20779 [M64P-QuestVR] frame=2100 OpenXR source sample destinationEye=0 sourceEye=0 texture=7 baseUv=[0.00000,0 -> 0.50000,1] surfaceMappedUv=[0.00000,1.00000 -> 0.50000,0.00000] source=2688x1008 perEye=1344x1008 destinationViewport=[0,0 1680x1760] quadScale=1.00000x0.71591 sourceFilter=GL_LINEAR
2026-07-20T20:58:25.232 I pid=20741 tid=20779 [M64P-QuestVR] frame=2100 xrReleaseSwapchainImage -> 0 (XR_SUCCESS)
2026-07-20T20:58:25.232 I pid=20741 tid=20779 [M64P-QuestVR] frame=2100 immersiveProjectionView=0 sourceEye=0 poseSource=MATCHED_SOURCE_FRAME poseAge=55.55ms swapchain=0x17 rect=[0,0 1680x1760] array=0 pose=[q 0.0417 0.2903 -0.0087 -0.9560, p 0.0109 0.0011 0.0443] fov=[L -0.8552 R 0.7854 U 0.8378 D -0.8727] source=2688x1008 perEye=1344x1008 ready=1
2026-07-20T20:58:25.232 I pid=20741 tid=20779 [M64P-QuestVR] frame=2100 xrAcquireSwapchainImage -> 0 (XR_SUCCESS)
2026-07-20T20:58:25.232 I pid=20741 tid=20779 [M64P-QuestVR] frame=2100 eye=1 acquired swapchain=0x18 imageIndex=2 texture=6 size=1680x1760
2026-07-20T20:58:25.232 I pid=20741 tid=20779 [M64P-QuestVR] frame=2100 xrWaitSwapchainImage -> 0 (XR_SUCCESS)
2026-07-20T20:58:25.232 I pid=20741 tid=20779 [M64P-QuestVR] frame=2100 OpenXR source sample destinationEye=1 sourceEye=1 texture=7 baseUv=[0.50000,0 -> 1.00000,1] surfaceMappedUv=[0.50000,1.00000 -> 1.00000,0.00000] source=2688x1008 perEye=1344x1008 destinationViewport=[0,0 1680x1760] quadScale=1.00000x0.71591 sourceFilter=GL_LINEAR
2026-07-20T20:58:25.232 I pid=20741 tid=20779 [M64P-QuestVR] frame=2100 xrReleaseSwapchainImage -> 0 (XR_SUCCESS)
2026-07-20T20:58:25.232 I pid=20741 tid=20779 [M64P-QuestVR] frame=2100 immersiveProjectionView=1 sourceEye=1 poseSource=MATCHED_SOURCE_FRAME poseAge=55.55ms swapchain=0x18 rect=[0,0 1680x1760] array=0 pose=[q 0.0417 0.2903 -0.0087 -0.9560, p 0.0633 0.0037 0.0792] fov=[L -0.7854 R 0.8552 U 0.8378 D -0.8727] source=2688x1008 perEye=1344x1008 ready=1
2026-07-20T20:58:25.232 I pid=20741 tid=20779 [M64P-QuestVR] frame=2100 xrEndFrame input displayTime=11317265301521 blendMode=1 layerCount=1 content=SOURCE_TEXTURE presentation=IMMERSIVE_PROJECTION layerPtr=0x75557f0f80
2026-07-20T20:58:25.232 I pid=20741 tid=20779 [M64P-QuestVR] frame=2100 xrEndFrame -> 0 (XR_SUCCESS)
2026-07-20T20:58:25.232 I pid=20741 tid=20779 [M64P-QuestVR] periodic status samples=300 submitted=2100 layers=300 visibleLayers=2099 state=FOCUSED avgWait=13.02ms avgNative=13.65ms avgWork=0.63ms maxWork=1.07ms presentation=IMMERSIVE_PROJECTION immersiveScale=1.000 sourceTotal=2688x1008 sourcePerEye=1344x1008 contentAspect=1.3333 stereo=1 swapEyes=0 consumerEye=1680x1760 screenScale=1.000 screenDistance=2.000m screenAnchorValid=0 proofLayers=0 sourcePoseAge=55.55ms poseMatches=825 poseMisses=2 textureTs=11317207278909 latchCalls=827 newSourceFrames=825 sourceBlitReady=1
2026-07-20T20:58:25.426 I pid=20741 tid=20779 [M64P-QuestVR] pose q=[0.040 0.291 -0.009 -0.956] p=[0.037 0.003 0.062], runtimeIpd=0.0630 fovL=[-0.855 0.785 0.838 -0.873], draws geometry=66786 perspective=65544 orthographic=1242 rect=354135 backgroundRect=0 sprite2D=0 blits=0 projection canonical=0 foldedView=65544 loads=3296 foldedMultiplies=2054 missingTransformProgram=0 vertices=1256940 modifiedXY=0 eyes=841842 poseGeneration=4200 targetWidth=2688 targetFallbacks=0 internalFbo allocations=6 n64=320x240 packed=2688x1007 perEye=1344x1007 scale=4.200 nativeFactor=0 viewport=2688x1008 scissor=2688x1008
2026-07-20T20:58:25.426 I pid=20741 tid=20779 [M64P-QuestVR] UI pipeline snapshot reason=BOUNDED_DEBUG screenBatches=0 vertices=0 eyeDraws=[0,0] corrections=[0,0] offsetsNdc=[0.000000,0.000000 | 0.000000,0.000000] lastFbo=0 program=0 uniformMask=0x00 uniforms={enabled:0 transform:0 screenTransform:0 rows:0} missing=0 finalBlits=807 readFbo=506 texture=1456 sourcePhysical=2688x1007 sourceLogical=1344x1007 sourceRect=[16,1330] destinationPhysical=2688x1008 destinationLogical=2688x1008 destinationRect=[33,2659] filter=0x2601 texrectScratch draws=0 rectangles=0 fbo=2 texture=38 size=640x580 classification={source:PACKED_SBS destination:PACKED_SBS splitCount:1}
2026-07-20T20:58:27.635+1000 I pid=20741 tid=20779 thread=Render thread [GameSurface] GLideN64 SurfaceTexture callback=900 timestamp=11319642292068 newLatchedFrames=898 externalTexture=7
2026-07-20T20:58:27.635 I pid=20741 tid=20779 [M64P-QuestVR] SurfaceTexture latch call=900 timestamp=11319642292068 previous=11319607844617 newFrames=898 sourceTexture=7 poseMatched=1 tid=20779
2026-07-20T20:58:28.091 I pid=20741 tid=20775 [M64P-QuestVR] Quest VR draw class primitive=triangles projection=perspective-folded program=52 uniforms=0x7E framebuffer=7 target=2688 logical=1344 viewport=0,0,2688,2688 scissor=1,34,34,1277,941 sourcePacked=0 vertices=6 modifiedXY=0 geometry=0x00000001 z=1 fog=0 lighting=0 texgen=0 billboard=0 projectionSig=1.8107,2.4142,0.0000,0.0000,-1.0000,0.0000
2026-07-20T20:58:28.100 I pid=20741 tid=20775 [M64P-QuestVR] Quest VR draw class primitive=triangles projection=perspective-folded program=55 uniforms=0x7F framebuffer=7 target=2688 logical=1344 viewport=0,0,2688,2688 scissor=1,34,34,1277,941 sourcePacked=0 vertices=6 modifiedXY=0 geometry=0x00000001 z=1 fog=0 lighting=0 texgen=0 billboard=0 projectionSig=1.8107,2.4142,0.0000,0.0000,-1.0000,0.0000
2026-07-20T20:58:29.385 I pid=20741 tid=20779 [M64P-QuestVR] EGL[frame-current] tid=20779 display=0xb40000768c532b40 context=0xb4000075c7f1e680 draw=0xb4000075c7f1ec00 read=0xb4000075c7f1ec00 config=0xb4000075c0e94560 id=9 client=3 surfaceType=0x15a5 renderable=0x45 rgba=8/8/8/8 GL_VERSION=OpenGL ES 3.2 V@0837.0.7 (GIT@3dbacedba8, I13e643cb5c, 1768227585) (Date:01/12/26) GL_RENDERER=Adreno (TM) 740
2026-07-20T20:58:29.398 I pid=20741 tid=20779 [M64P-QuestVR] frame=2400 xrWaitFrame -> 0 (XR_SUCCESS)
2026-07-20T20:58:29.398 I pid=20741 tid=20779 [M64P-QuestVR] frame=2400 wait complete predictedDisplayTime=11321431462426 predictedPeriod=13888676 shouldRender=1 sessionState=FOCUSED
2026-07-20T20:58:29.398 I pid=20741 tid=20779 [M64P-QuestVR] frame=2400 xrBeginFrame -> 0 (XR_SUCCESS)
2026-07-20T20:58:29.398 I pid=20741 tid=20779 [M64P-QuestVR] frame=2400 xrLocateViews -> 0 (XR_SUCCESS)
2026-07-20T20:58:29.398 I pid=20741 tid=20779 [M64P-QuestVR] frame=2400 located eye=0 pose=[q 0.0266 0.2292 -0.0176 -0.9729, p -0.0041 0.0040 0.0435] fov=[L -0.8552 R 0.7854 U 0.8378 D -0.8727] flags=0xf
2026-07-20T20:58:29.398 I pid=20741 tid=20779 [M64P-QuestVR] frame=2400 located eye=1 pose=[q 0.0266 0.2292 -0.0176 -0.9729, p 0.0523 0.0070 0.0716] fov=[L -0.7854 R 0.8552 U 0.8378 D -0.8727] flags=0xf
2026-07-20T20:58:29.398 I pid=20741 tid=20779 [M64P-QuestVR] frame=2400 xrAcquireSwapchainImage -> 0 (XR_SUCCESS)
2026-07-20T20:58:29.398 I pid=20741 tid=20779 [M64P-QuestVR] frame=2400 eye=0 acquired swapchain=0x17 imageIndex=2 texture=3 size=1680x1760
2026-07-20T20:58:29.398 I pid=20741 tid=20779 [M64P-QuestVR] frame=2400 xrWaitSwapchainImage -> 0 (XR_SUCCESS)
2026-07-20T20:58:29.398 I pid=20741 tid=20779 [M64P-QuestVR] frame=2400 OpenXR source sample destinationEye=0 sourceEye=0 texture=7 baseUv=[0.00000,0 -> 0.50000,1] surfaceMappedUv=[0.00000,1.00000 -> 0.50000,0.00000] source=2688x1008 perEye=1344x1008 destinationViewport=[0,0 1680x1760] quadScale=1.00000x0.71591 sourceFilter=GL_LINEAR
2026-07-20T20:58:29.398 I pid=20741 tid=20779 [M64P-QuestVR] frame=2400 xrReleaseSwapchainImage -> 0 (XR_SUCCESS)
2026-07-20T20:58:29.398 I pid=20741 tid=20779 [M64P-QuestVR] frame=2400 immersiveProjectionView=0 sourceEye=0 poseSource=MATCHED_SOURCE_FRAME poseAge=55.55ms swapchain=0x17 rect=[0,0 1680x1760] array=0 pose=[q 0.0266 0.2314 -0.0177 -0.9723, p -0.0034 0.0041 0.0436] fov=[L -0.8552 R 0.7854 U 0.8378 D -0.8727] source=2688x1008 perEye=1344x1008 ready=1
2026-07-20T20:58:29.398 I pid=20741 tid=20779 [M64P-QuestVR] frame=2400 xrAcquireSwapchainImage -> 0 (XR_SUCCESS)
2026-07-20T20:58:29.398 I pid=20741 tid=20779 [M64P-QuestVR] frame=2400 eye=1 acquired swapchain=0x18 imageIndex=2 texture=6 size=1680x1760
2026-07-20T20:58:29.398 I pid=20741 tid=20779 [M64P-QuestVR] frame=2400 xrWaitSwapchainImage -> 0 (XR_SUCCESS)
2026-07-20T20:58:29.398 I pid=20741 tid=20779 [M64P-QuestVR] frame=2400 OpenXR source sample destinationEye=1 sourceEye=1 texture=7 baseUv=[0.50000,0 -> 1.00000,1] surfaceMappedUv=[0.50000,1.00000 -> 1.00000,0.00000] source=2688x1008 perEye=1344x1008 destinationViewport=[0,0 1680x1760] quadScale=1.00000x0.71591 sourceFilter=GL_LINEAR
2026-07-20T20:58:29.398 I pid=20741 tid=20779 [M64P-QuestVR] frame=2400 xrReleaseSwapchainImage -> 0 (XR_SUCCESS)
2026-07-20T20:58:29.398 I pid=20741 tid=20779 [M64P-QuestVR] frame=2400 immersiveProjectionView=1 sourceEye=1 poseSource=MATCHED_SOURCE_FRAME poseAge=55.55ms swapchain=0x18 rect=[0,0 1680x1760] array=0 pose=[q 0.0266 0.2314 -0.0177 -0.9723, p 0.0529 0.0070 0.0719] fov=[L -0.7854 R 0.8552 U 0.8378 D -0.8727] source=2688x1008 perEye=1344x1008 ready=1
2026-07-20T20:58:29.398 I pid=20741 tid=20779 [M64P-QuestVR] frame=2400 xrEndFrame input displayTime=11321431462426 blendMode=1 layerCount=1 content=SOURCE_TEXTURE presentation=IMMERSIVE_PROJECTION layerPtr=0x75557f0f80
2026-07-20T20:58:29.399 I pid=20741 tid=20779 [M64P-QuestVR] frame=2400 xrEndFrame -> 0 (XR_SUCCESS)
2026-07-20T20:58:29.399 I pid=20741 tid=20779 [M64P-QuestVR] periodic status samples=300 submitted=2400 layers=300 visibleLayers=2399 state=FOCUSED avgWait=13.04ms avgNative=13.66ms avgWork=0.62ms maxWork=1.28ms presentation=IMMERSIVE_PROJECTION immersiveScale=1.000 sourceTotal=2688x1008 sourcePerEye=1344x1008 contentAspect=1.3333 stereo=1 swapEyes=0 consumerEye=1680x1760 screenScale=1.000 screenDistance=2.000m screenAnchorValid=0 proofLayers=0 sourcePoseAge=55.55ms poseMatches=950 poseMisses=2 textureTs=11321380695940 latchCalls=952 newSourceFrames=950 sourceBlitReady=1
2026-07-20T20:58:29.592 I pid=20741 tid=20779 [M64P-QuestVR] pose q=[0.027 0.225 -0.018 -0.974] p=[0.023 0.005 0.057], runtimeIpd=0.0630 fovL=[-0.855 0.785 0.838 -0.873], draws geometry=86609 perspective=85367 orthographic=1242 rect=415659 backgroundRect=0 sprite2D=0 blits=0 projection canonical=0 foldedView=85367 loads=3421 foldedMultiplies=2179 missingTransformProgram=0 vertices=1404129 modifiedXY=0 eyes=1004536 poseGeneration=4800 targetWidth=2688 targetFallbacks=0 internalFbo allocations=6 n64=320x240 packed=2688x1007 perEye=1344x1007 scale=4.200 nativeFactor=0 viewport=2688x2688 scissor=1277x941
2026-07-20T20:58:29.592 I pid=20741 tid=20779 [M64P-QuestVR] UI pipeline snapshot reason=BOUNDED_DEBUG screenBatches=0 vertices=0 eyeDraws=[0,0] corrections=[0,0] offsetsNdc=[0.000000,0.000000 | 0.000000,0.000000] lastFbo=0 program=0 uniformMask=0x00 uniforms={enabled:0 transform:0 screenTransform:0 rows:0} missing=0 finalBlits=931 readFbo=588 texture=3195 sourcePhysical=2688x1007 sourceLogical=1344x1007 sourceRect=[16,1330] destinationPhysical=2688x1008 destinationLogical=2688x1008 destinationRect=[33,2659] filter=0x2601 texrectScratch draws=0 rectangles=0 fbo=2 texture=38 size=640x580 classification={source:PACKED_SBS destination:PACKED_SBS splitCount:1}
2026-07-20T20:58:32.706 I pid=20741 tid=20775 [M64P-QuestVR] Quest VR draw class primitive=triangles projection=perspective-folded program=57 uniforms=0x7F framebuffer=7 target=2688 logical=1344 viewport=0,0,2688,2688 scissor=1,34,34,1277,941 sourcePacked=0 vertices=6 modifiedXY=0 geometry=0x00000001 z=1 fog=0 lighting=0 texgen=0 billboard=0 projectionSig=1.8107,2.4142,0.0000,0.0000,-1.0000,0.0000
2026-07-20T20:58:33.552 I pid=20741 tid=20779 [M64P-QuestVR] EGL[frame-current] tid=20779 display=0xb40000768c532b40 context=0xb4000075c7f1e680 draw=0xb4000075c7f1ec00 read=0xb4000075c7f1ec00 config=0xb4000075c0e94560 id=9 client=3 surfaceType=0x15a5 renderable=0x45 rgba=8/8/8/8 GL_VERSION=OpenGL ES 3.2 V@0837.0.7 (GIT@3dbacedba8, I13e643cb5c, 1768227585) (Date:01/12/26) GL_RENDERER=Adreno (TM) 740
2026-07-20T20:58:33.564 I pid=20741 tid=20779 [M64P-QuestVR] frame=2700 xrWaitFrame -> 0 (XR_SUCCESS)
2026-07-20T20:58:33.564 I pid=20741 tid=20779 [M64P-QuestVR] frame=2700 wait complete predictedDisplayTime=11325597623330 predictedPeriod=13888676 shouldRender=1 sessionState=FOCUSED
2026-07-20T20:58:33.564 I pid=20741 tid=20779 [M64P-QuestVR] frame=2700 xrBeginFrame -> 0 (XR_SUCCESS)
2026-07-20T20:58:33.564 I pid=20741 tid=20779 [M64P-QuestVR] frame=2700 xrLocateViews -> 0 (XR_SUCCESS)
2026-07-20T20:58:33.564 I pid=20741 tid=20779 [M64P-QuestVR] frame=2700 located eye=0 pose=[q 0.0183 0.2779 -0.0195 -0.9602, p 0.0058 0.0059 0.0472] fov=[L -0.8552 R 0.7854 U 0.8378 D -0.8727] flags=0xf
2026-07-20T20:58:33.564 I pid=20741 tid=20779 [M64P-QuestVR] frame=2700 located eye=1 pose=[q 0.0183 0.2779 -0.0195 -0.9602, p 0.0590 0.0089 0.0808] fov=[L -0.7854 R 0.8552 U 0.8378 D -0.8727] flags=0xf
2026-07-20T20:58:33.564 I pid=20741 tid=20779 [M64P-QuestVR] frame=2700 xrAcquireSwapchainImage -> 0 (XR_SUCCESS)
2026-07-20T20:58:33.564 I pid=20741 tid=20779 [M64P-QuestVR] frame=2700 eye=0 acquired swapchain=0x17 imageIndex=2 texture=3 size=1680x1760
2026-07-20T20:58:33.564 I pid=20741 tid=20779 [M64P-QuestVR] frame=2700 xrWaitSwapchainImage -> 0 (XR_SUCCESS)
2026-07-20T20:58:33.564 I pid=20741 tid=20779 [M64P-QuestVR] frame=2700 OpenXR source sample destinationEye=0 sourceEye=0 texture=7 baseUv=[0.00000,0 -> 0.50000,1] surfaceMappedUv=[0.00000,1.00000 -> 0.50000,0.00000] source=2688x1008 perEye=1344x1008 destinationViewport=[0,0 1680x1760] quadScale=1.00000x0.71591 sourceFilter=GL_LINEAR
2026-07-20T20:58:33.565 I pid=20741 tid=20779 [M64P-QuestVR] frame=2700 xrReleaseSwapchainImage -> 0 (XR_SUCCESS)
2026-07-20T20:58:33.565 I pid=20741 tid=20779 [M64P-QuestVR] frame=2700 immersiveProjectionView=0 sourceEye=0 poseSource=MATCHED_SOURCE_FRAME poseAge=27.77ms swapchain=0x17 rect=[0,0 1680x1760] array=0 pose=[q 0.0184 0.2797 -0.0192 -0.9597, p 0.0062 0.0058 0.0472] fov=[L -0.8552 R 0.7854 U 0.8378 D -0.8727] source=2688x1008 perEye=1344x1008 ready=1
2026-07-20T20:58:33.565 I pid=20741 tid=20779 [M64P-QuestVR] frame=2700 xrAcquireSwapchainImage -> 0 (XR_SUCCESS)
2026-07-20T20:58:33.565 I pid=20741 tid=20779 [M64P-QuestVR] frame=2700 eye=1 acquired swapchain=0x18 imageIndex=2 texture=6 size=1680x1760
2026-07-20T20:58:33.565 I pid=20741 tid=20779 [M64P-QuestVR] frame=2700 xrWaitSwapchainImage -> 0 (XR_SUCCESS)
2026-07-20T20:58:33.565 I pid=20741 tid=20779 [M64P-QuestVR] frame=2700 OpenXR source sample destinationEye=1 sourceEye=1 texture=7 baseUv=[0.50000,0 -> 1.00000,1] surfaceMappedUv=[0.50000,1.00000 -> 1.00000,0.00000] source=2688x1008 perEye=1344x1008 destinationViewport=[0,0 1680x1760] quadScale=1.00000x0.71591 sourceFilter=GL_LINEAR
2026-07-20T20:58:33.565 I pid=20741 tid=20779 [M64P-QuestVR] frame=2700 xrReleaseSwapchainImage -> 0 (XR_SUCCESS)
2026-07-20T20:58:33.565 I pid=20741 tid=20779 [M64P-QuestVR] frame=2700 immersiveProjectionView=1 sourceEye=1 poseSource=MATCHED_SOURCE_FRAME poseAge=27.77ms swapchain=0x18 rect=[0,0 1680x1760] array=0 pose=[q 0.0184 0.2797 -0.0192 -0.9597, p 0.0594 0.0088 0.0810] fov=[L -0.7854 R 0.8552 U 0.8378 D -0.8727] source=2688x1008 perEye=1344x1008 ready=1
2026-07-20T20:58:33.565 I pid=20741 tid=20779 [M64P-QuestVR] frame=2700 xrEndFrame input displayTime=11325597623330 blendMode=1 layerCount=1 content=SOURCE_TEXTURE presentation=IMMERSIVE_PROJECTION layerPtr=0x75557f0f80
2026-07-20T20:58:33.565 I pid=20741 tid=20779 [M64P-QuestVR] frame=2700 xrEndFrame -> 0 (XR_SUCCESS)
2026-07-20T20:58:33.565 I pid=20741 tid=20779 [M64P-QuestVR] periodic status samples=300 submitted=2700 layers=300 visibleLayers=2699 state=FOCUSED avgWait=13.06ms avgNative=13.66ms avgWork=0.60ms maxWork=1.33ms presentation=IMMERSIVE_PROJECTION immersiveScale=1.000 sourceTotal=2688x1008 sourcePerEye=1344x1008 contentAspect=1.3333 stereo=1 swapEyes=0 consumerEye=1680x1760 screenScale=1.000 screenDistance=2.000m screenAnchorValid=0 proofLayers=0 sourcePoseAge=27.77ms poseMatches=1073 poseMisses=2 textureTs=11325558996564 latchCalls=1075 newSourceFrames=1073 sourceBlitReady=1
2026-07-20T20:58:33.759 I pid=20741 tid=20779 [M64P-QuestVR] pose q=[0.015 0.266 -0.020 -0.964] p=[0.030 0.008 0.063], runtimeIpd=0.0630 fovL=[-0.855 0.785 0.838 -0.873], draws geometry=102536 perspective=101294 orthographic=1242 rect=417040 backgroundRect=0 sprite2D=0 blits=0 projection canonical=0 foldedView=101294 loads=3546 foldedMultiplies=2304 missingTransformProgram=0 vertices=1505004 modifiedXY=0 eyes=1039152 poseGeneration=5400 targetWidth=2688 targetFallbacks=0 internalFbo allocations=6 n64=320x240 packed=2688x1007 perEye=1344x1007 scale=4.200 nativeFactor=0 viewport=2688x1008 scissor=2688x1008
2026-07-20T20:58:33.759 I pid=20741 tid=20779 [M64P-QuestVR] UI pipeline snapshot reason=BOUNDED_DEBUG screenBatches=0 vertices=0 eyeDraws=[0,0] corrections=[0,0] offsetsNdc=[0.000000,0.000000 | 0.000000,0.000000] lastFbo=0 program=0 uniformMask=0x00 uniforms={enabled:0 transform:0 screenTransform:0 rows:0} missing=0 finalBlits=1057 readFbo=672 texture=4820 sourcePhysical=2688x1007 sourceLogical=1344x1007 sourceRect=[16,1330] destinationPhysical=2688x1008 destinationLogical=2688x1008 destinationRect=[33,2659] filter=0x2601 texrectScratch draws=0 rectangles=0 fbo=2 texture=38 size=640x580 classification={source:PACKED_SBS destination:PACKED_SBS splitCount:1}
2026-07-20T20:58:37.718+1000 I pid=20741 tid=20779 thread=Render thread [GameSurface] GLideN64 SurfaceTexture callback=1200 timestamp=11329727581198 newLatchedFrames=1198 externalTexture=7
2026-07-20T20:58:37.718 I pid=20741 tid=20779 [M64P-QuestVR] SurfaceTexture latch call=1200 timestamp=11329727581198 previous=11329711461613 newFrames=1198 sourceTexture=7 poseMatched=1 tid=20779
2026-07-20T20:58:37.720 I pid=20741 tid=20779 [M64P-QuestVR] EGL[frame-current] tid=20779 display=0xb40000768c532b40 context=0xb4000075c7f1e680 draw=0xb4000075c7f1ec00 read=0xb4000075c7f1ec00 config=0xb4000075c0e94560 id=9 client=3 surfaceType=0x15a5 renderable=0x45 rgba=8/8/8/8 GL_VERSION=OpenGL ES 3.2 V@0837.0.7 (GIT@3dbacedba8, I13e643cb5c, 1768227585) (Date:01/12/26) GL_RENDERER=Adreno (TM) 740
2026-07-20T20:58:37.730 I pid=20741 tid=20779 [M64P-QuestVR] frame=3000 xrWaitFrame -> 0 (XR_SUCCESS)
2026-07-20T20:58:37.730 I pid=20741 tid=20779 [M64P-QuestVR] frame=3000 wait complete predictedDisplayTime=11329763786497 predictedPeriod=13888676 shouldRender=1 sessionState=FOCUSED
2026-07-20T20:58:37.730 I pid=20741 tid=20779 [M64P-QuestVR] frame=3000 xrBeginFrame -> 0 (XR_SUCCESS)
2026-07-20T20:58:37.730 I pid=20741 tid=20779 [M64P-QuestVR] frame=3000 xrLocateViews -> 0 (XR_SUCCESS)
2026-07-20T20:58:37.731 I pid=20741 tid=20779 [M64P-QuestVR] frame=3000 located eye=0 pose=[q 0.0401 0.2054 0.0088 -0.9778, p 0.0011 0.0012 0.0437] fov=[L -0.8552 R 0.7854 U 0.8378 D -0.8727] flags=0xf
2026-07-20T20:58:37.731 I pid=20741 tid=20779 [M64P-QuestVR] frame=3000 located eye=1 pose=[q 0.0401 0.2054 0.0088 -0.9778, p 0.0588 0.0012 0.0690] fov=[L -0.7854 R 0.8552 U 0.8378 D -0.8727] flags=0xf
2026-07-20T20:58:37.731 I pid=20741 tid=20779 [M64P-QuestVR] frame=3000 xrAcquireSwapchainImage -> 0 (XR_SUCCESS)
2026-07-20T20:58:37.731 I pid=20741 tid=20779 [M64P-QuestVR] frame=3000 eye=0 acquired swapchain=0x17 imageIndex=2 texture=3 size=1680x1760
2026-07-20T20:58:37.731 I pid=20741 tid=20779 [M64P-QuestVR] frame=3000 xrWaitSwapchainImage -> 0 (XR_SUCCESS)
2026-07-20T20:58:37.731 I pid=20741 tid=20779 [M64P-QuestVR] frame=3000 OpenXR source sample destinationEye=0 sourceEye=0 texture=7 baseUv=[0.00000,0 -> 0.50000,1] surfaceMappedUv=[0.00000,1.00000 -> 0.50000,0.00000] source=2688x1008 perEye=1344x1008 destinationViewport=[0,0 1680x1760] quadScale=1.00000x0.71591 sourceFilter=GL_LINEAR
2026-07-20T20:58:37.731 I pid=20741 tid=20779 [M64P-QuestVR] frame=3000 xrReleaseSwapchainImage -> 0 (XR_SUCCESS)
2026-07-20T20:58:37.731 I pid=20741 tid=20779 [M64P-QuestVR] frame=3000 immersiveProjectionView=0 sourceEye=0 poseSource=MATCHED_SOURCE_FRAME poseAge=27.77ms swapchain=0x17 rect=[0,0 1680x1760] array=0 pose=[q 0.0402 0.2051 0.0085 -0.9779, p 0.0007 0.0012 0.0435] fov=[L -0.8552 R 0.7854 U 0.8378 D -0.8727] source=2688x1008 perEye=1344x1008 ready=1
2026-07-20T20:58:37.731 I pid=20741 tid=20779 [M64P-QuestVR] frame=3000 xrAcquireSwapchainImage -> 0 (XR_SUCCESS)
2026-07-20T20:58:37.731 I pid=20741 tid=20779 [M64P-QuestVR] frame=3000 eye=1 acquired swapchain=0x18 imageIndex=2 texture=6 size=1680x1760
2026-07-20T20:58:37.731 I pid=20741 tid=20779 [M64P-QuestVR] frame=3000 xrWaitSwapchainImage -> 0 (XR_SUCCESS)
2026-07-20T20:58:37.731 I pid=20741 tid=20779 [M64P-QuestVR] frame=3000 OpenXR source sample destinationEye=1 sourceEye=1 texture=7 baseUv=[0.50000,0 -> 1.00000,1] surfaceMappedUv=[0.50000,1.00000 -> 1.00000,0.00000] source=2688x1008 perEye=1344x1008 destinationViewport=[0,0 1680x1760] quadScale=1.00000x0.71591 sourceFilter=GL_LINEAR
2026-07-20T20:58:37.731 I pid=20741 tid=20779 [M64P-QuestVR] frame=3000 xrReleaseSwapchainImage -> 0 (XR_SUCCESS)
2026-07-20T20:58:37.731 I pid=20741 tid=20779 [M64P-QuestVR] frame=3000 immersiveProjectionView=1 sourceEye=1 poseSource=MATCHED_SOURCE_FRAME poseAge=27.77ms swapchain=0x18 rect=[0,0 1680x1760] array=0 pose=[q 0.0402 0.2051 0.0085 -0.9779, p 0.0584 0.0012 0.0689] fov=[L -0.7854 R 0.8552 U 0.8378 D -0.8727] source=2688x1008 perEye=1344x1008 ready=1
2026-07-20T20:58:37.731 I pid=20741 tid=20779 [M64P-QuestVR] frame=3000 xrEndFrame input displayTime=11329763786497 blendMode=1 layerCount=1 content=SOURCE_TEXTURE presentation=IMMERSIVE_PROJECTION layerPtr=0x75557f0f80
2026-07-20T20:58:37.732 I pid=20741 tid=20779 [M64P-QuestVR] frame=3000 xrEndFrame -> 0 (XR_SUCCESS)
2026-07-20T20:58:37.732 I pid=20741 tid=20779 [M64P-QuestVR] periodic status samples=300 submitted=3000 layers=300 visibleLayers=2999 state=FOCUSED avgWait=13.04ms avgNative=13.65ms avgWork=0.61ms maxWork=1.20ms presentation=IMMERSIVE_PROJECTION immersiveScale=1.000 sourceTotal=2688x1008 sourcePerEye=1344x1008 contentAspect=1.3333 stereo=1 swapEyes=0 consumerEye=1680x1760 screenScale=1.000 screenDistance=2.000m screenAnchorValid=0 proofLayers=0 sourcePoseAge=27.77ms poseMatches=1198 poseMisses=2 textureTs=11329727581198 latchCalls=1200 newSourceFrames=1198 sourceBlitReady=1
2026-07-20T20:58:37.925 I pid=20741 tid=20779 [M64P-QuestVR] pose q=[0.043 0.204 0.009 -0.978] p=[0.032 0.000 0.057], runtimeIpd=0.0630 fovL=[-0.855 0.785 0.838 -0.873], draws geometry=108670 perspective=107428 orthographic=1242 rect=426130 backgroundRect=0 sprite2D=0 blits=0 projection canonical=0 foldedView=107428 loads=3671 foldedMultiplies=2429 missingTransformProgram=0 vertices=1544058 modifiedXY=0 eyes=1069600 poseGeneration=6000 targetWidth=2688 targetFallbacks=0 internalFbo allocations=6 n64=320x240 packed=2688x1007 perEye=1344x1007 scale=4.200 nativeFactor=0 viewport=2688x1008 scissor=2688x1008
2026-07-20T20:58:37.925 I pid=20741 tid=20779 [M64P-QuestVR] UI pipeline snapshot reason=BOUNDED_DEBUG screenBatches=0 vertices=0 eyeDraws=[0,0] corrections=[0,0] offsetsNdc=[0.000000,0.000000 | 0.000000,0.000000] lastFbo=0 program=0 uniformMask=0x00 uniforms={enabled:0 transform:0 screenTransform:0 rows:0} missing=0 finalBlits=1182 readFbo=756 texture=5153 sourcePhysical=2688x1007 sourceLogical=1344x1007 sourceRect=[16,1330] destinationPhysical=2688x1008 destinationLogical=2688x1008 destinationRect=[33,2659] filter=0x2601 texrectScratch draws=0 rectangles=0 fbo=2 texture=38 size=640x580 classification={source:PACKED_SBS destination:PACKED_SBS splitCount:1}
2026-07-20T20:58:41.884 I pid=20741 tid=20779 [M64P-QuestVR] EGL[frame-current] tid=20779 display=0xb40000768c532b40 context=0xb4000075c7f1e680 draw=0xb4000075c7f1ec00 read=0xb4000075c7f1ec00 config=0xb4000075c0e94560 id=9 client=3 surfaceType=0x15a5 renderable=0x45 rgba=8/8/8/8 GL_VERSION=OpenGL ES 3.2 V@0837.0.7 (GIT@3dbacedba8, I13e643cb5c, 1768227585) (Date:01/12/26) GL_RENDERER=Adreno (TM) 740
2026-07-20T20:58:41.896 I pid=20741 tid=20779 [M64P-QuestVR] frame=3300 xrWaitFrame -> 0 (XR_SUCCESS)
2026-07-20T20:58:41.896 I pid=20741 tid=20779 [M64P-QuestVR] frame=3300 wait complete predictedDisplayTime=11333929945141 predictedPeriod=13888676 shouldRender=1 sessionState=FOCUSED
2026-07-20T20:58:41.896 I pid=20741 tid=20779 [M64P-QuestVR] frame=3300 xrBeginFrame -> 0 (XR_SUCCESS)
2026-07-20T20:58:41.896 I pid=20741 tid=20779 [M64P-QuestVR] frame=3300 xrLocateViews -> 0 (XR_SUCCESS)
2026-07-20T20:58:41.896 I pid=20741 tid=20779 [M64P-QuestVR] frame=3300 located eye=0 pose=[q 0.0377 0.2056 -0.0031 -0.9779, p -0.0031 0.0011 0.0420] fov=[L -0.8552 R 0.7854 U 0.8378 D -0.8727] flags=0xf
2026-07-20T20:58:41.897 I pid=20741 tid=20779 [M64P-QuestVR] frame=3300 located eye=1 pose=[q 0.0377 0.2056 -0.0031 -0.9779, p 0.0546 0.0025 0.0673] fov=[L -0.7854 R 0.8552 U 0.8378 D -0.8727] flags=0xf
2026-07-20T20:58:41.897 I pid=20741 tid=20779 [M64P-QuestVR] frame=3300 xrAcquireSwapchainImage -> 0 (XR_SUCCESS)
2026-07-20T20:58:41.897 I pid=20741 tid=20779 [M64P-QuestVR] frame=3300 eye=0 acquired swapchain=0x17 imageIndex=2 texture=3 size=1680x1760
2026-07-20T20:58:41.897 I pid=20741 tid=20779 [M64P-QuestVR] frame=3300 xrWaitSwapchainImage -> 0 (XR_SUCCESS)
2026-07-20T20:58:41.897 I pid=20741 tid=20779 [M64P-QuestVR] frame=3300 OpenXR source sample destinationEye=0 sourceEye=0 texture=7 baseUv=[0.00000,0 -> 0.50000,1] surfaceMappedUv=[0.00000,1.00000 -> 0.50000,0.00000] source=2688x1008 perEye=1344x1008 destinationViewport=[0,0 1680x1760] quadScale=1.00000x0.71591 sourceFilter=GL_LINEAR
2026-07-20T20:58:41.897 I pid=20741 tid=20779 [M64P-QuestVR] frame=3300 xrReleaseSwapchainImage -> 0 (XR_SUCCESS)
2026-07-20T20:58:41.897 I pid=20741 tid=20779 [M64P-QuestVR] frame=3300 immersiveProjectionView=0 sourceEye=0 poseSource=MATCHED_SOURCE_FRAME poseAge=55.55ms swapchain=0x17 rect=[0,0 1680x1760] array=0 pose=[q 0.0378 0.2055 -0.0030 -0.9779, p -0.0032 0.0011 0.0420] fov=[L -0.8552 R 0.7854 U 0.8378 D -0.8727] source=2688x1008 perEye=1344x1008 ready=1
2026-07-20T20:58:41.897 I pid=20741 tid=20779 [M64P-QuestVR] frame=3300 xrAcquireSwapchainImage -> 0 (XR_SUCCESS)
2026-07-20T20:58:41.897 I pid=20741 tid=20779 [M64P-QuestVR] frame=3300 eye=1 acquired swapchain=0x18 imageIndex=2 texture=6 size=1680x1760
2026-07-20T20:58:41.897 I pid=20741 tid=20779 [M64P-QuestVR] frame=3300 xrWaitSwapchainImage -> 0 (XR_SUCCESS)
2026-07-20T20:58:41.897 I pid=20741 tid=20779 [M64P-QuestVR] frame=3300 OpenXR source sample destinationEye=1 sourceEye=1 texture=7 baseUv=[0.50000,0 -> 1.00000,1] surfaceMappedUv=[0.50000,1.00000 -> 1.00000,0.00000] source=2688x1008 perEye=1344x1008 destinationViewport=[0,0 1680x1760] quadScale=1.00000x0.71591 sourceFilter=GL_LINEAR
2026-07-20T20:58:41.897 I pid=20741 tid=20779 [M64P-QuestVR] frame=3300 xrReleaseSwapchainImage -> 0 (XR_SUCCESS)
2026-07-20T20:58:41.897 I pid=20741 tid=20779 [M64P-QuestVR] frame=3300 immersiveProjectionView=1 sourceEye=1 poseSource=MATCHED_SOURCE_FRAME poseAge=55.55ms swapchain=0x18 rect=[0,0 1680x1760] array=0 pose=[q 0.0378 0.2055 -0.0030 -0.9779, p 0.0545 0.0024 0.0673] fov=[L -0.7854 R 0.8552 U 0.8378 D -0.8727] source=2688x1008 perEye=1344x1008 ready=1
2026-07-20T20:58:41.897 I pid=20741 tid=20779 [M64P-QuestVR] frame=3300 xrEndFrame input displayTime=11333929945141 blendMode=1 layerCount=1 content=SOURCE_TEXTURE presentation=IMMERSIVE_PROJECTION layerPtr=0x75557f0f80
2026-07-20T20:58:41.897 I pid=20741 tid=20779 [M64P-QuestVR] frame=3300 xrEndFrame -> 0 (XR_SUCCESS)
2026-07-20T20:58:41.897 I pid=20741 tid=20779 [M64P-QuestVR] periodic status samples=300 submitted=3300 layers=300 visibleLayers=3299 state=FOCUSED avgWait=13.02ms avgNative=13.64ms avgWork=0.63ms maxWork=1.25ms presentation=IMMERSIVE_PROJECTION immersiveScale=1.000 sourceTotal=2688x1008 sourcePerEye=1344x1008 contentAspect=1.3333 stereo=1 swapEyes=0 consumerEye=1680x1760 screenScale=1.000 screenDistance=2.000m screenAnchorValid=0 proofLayers=0 sourcePoseAge=55.55ms poseMatches=1322 poseMisses=2 textureTs=11333861941870 latchCalls=1324 newSourceFrames=1322 sourceBlitReady=1
2026-07-20T20:58:42.091 I pid=20741 tid=20779 [M64P-QuestVR] pose q=[0.038 0.206 -0.002 -0.978] p=[0.026 0.002 0.055], runtimeIpd=0.0630 fovL=[-0.855 0.785 0.838 -0.873], draws geometry=114760 perspective=113518 orthographic=1242 rect=435808 backgroundRect=0 sprite2D=0 blits=0 projection canonical=0 foldedView=113518 loads=3795 foldedMultiplies=2553 missingTransformProgram=0 vertices=1582830 modifiedXY=0 eyes=1101136 poseGeneration=6600 targetWidth=2688 targetFallbacks=0 internalFbo allocations=6 n64=320x240 packed=2688x1007 perEye=1344x1007 scale=4.200 nativeFactor=0 viewport=2688x1008 scissor=2688x1008
2026-07-20T20:58:42.091 I pid=20741 tid=20779 [M64P-QuestVR] UI pipeline snapshot reason=BOUNDED_DEBUG screenBatches=0 vertices=0 eyeDraws=[0,0] corrections=[0,0] offsetsNdc=[0.000000,0.000000 | 0.000000,0.000000] lastFbo=0 program=0 uniformMask=0x00 uniforms={enabled:0 transform:0 screenTransform:0 rows:0} missing=0 finalBlits=1306 readFbo=838 texture=5320 sourcePhysical=2688x1007 sourceLogical=1344x1007 sourceRect=[16,1330] destinationPhysical=2688x1008 destinationLogical=2688x1008 destinationRect=[33,2659] filter=0x2601 texrectScratch draws=0 rectangles=0 fbo=2 texture=38 size=640x580 classification={source:PACKED_SBS destination:PACKED_SBS splitCount:1}
2026-07-20T20:58:46.050 I pid=20741 tid=20779 [M64P-QuestVR] EGL[frame-current] tid=20779 display=0xb40000768c532b40 context=0xb4000075c7f1e680 draw=0xb4000075c7f1ec00 read=0xb4000075c7f1ec00 config=0xb4000075c0e94560 id=9 client=3 surfaceType=0x15a5 renderable=0x45 rgba=8/8/8/8 GL_VERSION=OpenGL ES 3.2 V@0837.0.7 (GIT@3dbacedba8, I13e643cb5c, 1768227585) (Date:01/12/26) GL_RENDERER=Adreno (TM) 740
2026-07-20T20:58:46.062 I pid=20741 tid=20779 [M64P-QuestVR] frame=3600 xrWaitFrame -> 0 (XR_SUCCESS)
2026-07-20T20:58:46.062 I pid=20741 tid=20779 [M64P-QuestVR] frame=3600 wait complete predictedDisplayTime=11338096106116 predictedPeriod=13888683 shouldRender=1 sessionState=FOCUSED
2026-07-20T20:58:46.062 I pid=20741 tid=20779 [M64P-QuestVR] frame=3600 xrBeginFrame -> 0 (XR_SUCCESS)
2026-07-20T20:58:46.062 I pid=20741 tid=20779 [M64P-QuestVR] frame=3600 xrLocateViews -> 0 (XR_SUCCESS)
2026-07-20T20:58:46.062 I pid=20741 tid=20779 [M64P-QuestVR] frame=3600 located eye=0 pose=[q 0.0358 0.2042 -0.0066 -0.9783, p -0.0049 0.0013 0.0417] fov=[L -0.8552 R 0.7854 U 0.8378 D -0.8727] flags=0xf
2026-07-20T20:58:46.062 I pid=20741 tid=20779 [M64P-QuestVR] frame=3600 located eye=1 pose=[q 0.0358 0.2042 -0.0066 -0.9783, p 0.0529 0.0030 0.0669] fov=[L -0.7854 R 0.8552 U 0.8378 D -0.8727] flags=0xf
2026-07-20T20:58:46.062 I pid=20741 tid=20779 [M64P-QuestVR] frame=3600 xrAcquireSwapchainImage -> 0 (XR_SUCCESS)
2026-07-20T20:58:46.062 I pid=20741 tid=20779 [M64P-QuestVR] frame=3600 eye=0 acquired swapchain=0x17 imageIndex=2 texture=3 size=1680x1760
2026-07-20T20:58:46.062 I pid=20741 tid=20779 [M64P-QuestVR] frame=3600 xrWaitSwapchainImage -> 0 (XR_SUCCESS)
2026-07-20T20:58:46.062 I pid=20741 tid=20779 [M64P-QuestVR] frame=3600 OpenXR source sample destinationEye=0 sourceEye=0 texture=7 baseUv=[0.00000,0 -> 0.50000,1] surfaceMappedUv=[0.00000,1.00000 -> 0.50000,0.00000] source=2688x1008 perEye=1344x1008 destinationViewport=[0,0 1680x1760] quadScale=1.00000x0.71591 sourceFilter=GL_LINEAR
2026-07-20T20:58:46.063 I pid=20741 tid=20779 [M64P-QuestVR] frame=3600 xrReleaseSwapchainImage -> 0 (XR_SUCCESS)
2026-07-20T20:58:46.063 I pid=20741 tid=20779 [M64P-QuestVR] frame=3600 immersiveProjectionView=0 sourceEye=0 poseSource=MATCHED_SOURCE_FRAME poseAge=27.77ms swapchain=0x17 rect=[0,0 1680x1760] array=0 pose=[q 0.0358 0.2044 -0.0067 -0.9782, p -0.0049 0.0013 0.0417] fov=[L -0.8552 R 0.7854 U 0.8378 D -0.8727] source=2688x1008 perEye=1344x1008 ready=1
2026-07-20T20:58:46.063 I pid=20741 tid=20779 [M64P-QuestVR] frame=3600 xrAcquireSwapchainImage -> 0 (XR_SUCCESS)
2026-07-20T20:58:46.063 I pid=20741 tid=20779 [M64P-QuestVR] frame=3600 eye=1 acquired swapchain=0x18 imageIndex=2 texture=6 size=1680x1760
2026-07-20T20:58:46.063 I pid=20741 tid=20779 [M64P-QuestVR] frame=3600 xrWaitSwapchainImage -> 0 (XR_SUCCESS)
2026-07-20T20:58:46.063 I pid=20741 tid=20779 [M64P-QuestVR] frame=3600 OpenXR source sample destinationEye=1 sourceEye=1 texture=7 baseUv=[0.50000,0 -> 1.00000,1] surfaceMappedUv=[0.50000,1.00000 -> 1.00000,0.00000] source=2688x1008 perEye=1344x1008 destinationViewport=[0,0 1680x1760] quadScale=1.00000x0.71591 sourceFilter=GL_LINEAR
2026-07-20T20:58:46.063 I pid=20741 tid=20779 [M64P-QuestVR] frame=3600 xrReleaseSwapchainImage -> 0 (XR_SUCCESS)
2026-07-20T20:58:46.063 I pid=20741 tid=20779 [M64P-QuestVR] frame=3600 immersiveProjectionView=1 sourceEye=1 poseSource=MATCHED_SOURCE_FRAME poseAge=27.77ms swapchain=0x18 rect=[0,0 1680x1760] array=0 pose=[q 0.0358 0.2044 -0.0067 -0.9782, p 0.0528 0.0031 0.0669] fov=[L -0.7854 R 0.8552 U 0.8378 D -0.8727] source=2688x1008 perEye=1344x1008 ready=1
2026-07-20T20:58:46.063 I pid=20741 tid=20779 [M64P-QuestVR] frame=3600 xrEndFrame input displayTime=11338096106116 blendMode=1 layerCount=1 content=SOURCE_TEXTURE presentation=IMMERSIVE_PROJECTION layerPtr=0x75557f0f80
2026-07-20T20:58:46.063 I pid=20741 tid=20779 [M64P-QuestVR] frame=3600 xrEndFrame -> 0 (XR_SUCCESS)
2026-07-20T20:58:46.063 I pid=20741 tid=20779 [M64P-QuestVR] periodic status samples=300 submitted=3600 layers=300 visibleLayers=3599 state=FOCUSED avgWait=12.99ms avgNative=13.64ms avgWork=0.65ms maxWork=1.30ms presentation=IMMERSIVE_PROJECTION immersiveScale=1.000 sourceTotal=2688x1008 sourcePerEye=1344x1008 contentAspect=1.3333 stereo=1 swapEyes=0 consumerEye=1680x1760 screenScale=1.000 screenDistance=2.000m screenAnchorValid=0 proofLayers=0 sourcePoseAge=27.77ms poseMatches=1448 poseMisses=2 textureTs=11338063781456 latchCalls=1450 newSourceFrames=1448 sourceBlitReady=1
2026-07-20T20:58:46.256 I pid=20741 tid=20779 [M64P-QuestVR] pose q=[0.036 0.205 -0.006 -0.978] p=[0.024 0.002 0.054], runtimeIpd=0.0630 fovL=[-0.855 0.785 0.838 -0.873], draws geometry=120603 perspective=119361 orthographic=1242 rect=446444 backgroundRect=0 sprite2D=0 blits=0 projection canonical=0 foldedView=119361 loads=3921 foldedMultiplies=2679 missingTransformProgram=0 vertices=1620156 modifiedXY=0 eyes=1134094 poseGeneration=7200 targetWidth=2688 targetFallbacks=0 internalFbo allocations=6 n64=320x240 packed=2688x1007 perEye=1344x1007 scale=4.200 nativeFactor=0 viewport=2688x1008 scissor=2688x1008
2026-07-20T20:58:46.256 I pid=20741 tid=20779 [M64P-QuestVR] UI pipeline snapshot reason=BOUNDED_DEBUG screenBatches=0 vertices=0 eyeDraws=[0,0] corrections=[0,0] offsetsNdc=[0.000000,0.000000 | 0.000000,0.000000] lastFbo=0 program=0 uniformMask=0x00 uniforms={enabled:0 transform:0 screenTransform:0 rows:0} missing=0 finalBlits=1432 readFbo=922 texture=5421 sourcePhysical=2688x1007 sourceLogical=1344x1007 sourceRect=[16,1330] destinationPhysical=2688x1008 destinationLogical=2688x1008 destinationRect=[33,2659] filter=0x2601 texrectScratch draws=0 rectangles=0 fbo=2 texture=38 size=640x580 classification={source:PACKED_SBS destination:PACKED_SBS splitCount:1}
2026-07-20T20:58:47.716+1000 I pid=20741 tid=20779 thread=Render thread [GameSurface] GLideN64 SurfaceTexture callback=1500 timestamp=11339730628653 newLatchedFrames=1498 externalTexture=7
2026-07-20T20:58:47.716 I pid=20741 tid=20779 [M64P-QuestVR] SurfaceTexture latch call=1500 timestamp=11339730628653 previous=11339697266046 newFrames=1498 sourceTexture=7 poseMatched=1 tid=20779
2026-07-20T20:58:48.864 I pid=20741 tid=20775 [M64P-QuestVR] Quest VR draw class primitive=triangles projection=perspective-folded program=46 uniforms=0x7F framebuffer=7 target=2688 logical=1344 viewport=0,0,2688,2688 scissor=1,34,34,1277,941 sourcePacked=0 vertices=6 modifiedXY=0 geometry=0x00000000 z=0 fog=0 lighting=0 texgen=0 billboard=0 projectionSig=1.8107,2.4142,0.0000,0.0000,-1.0000,0.0000
2026-07-20T20:58:48.867 I pid=20741 tid=20775 [M64P-QuestVR] Quest VR draw class primitive=triangles projection=perspective-folded program=59 uniforms=0x7F framebuffer=7 target=2688 logical=1344 viewport=0,0,2688,2688 scissor=1,34,34,1277,941 sourcePacked=0 vertices=18 modifiedXY=0 geometry=0x00030001 z=1 fog=1 lighting=1 texgen=0 billboard=0 projectionSig=1.8107,2.4142,0.0000,0.0000,-1.0000,0.0000
2026-07-20T20:58:48.868 I pid=20741 tid=20775 [M64P-QuestVR] Quest VR draw class primitive=triangles projection=perspective-folded program=42 uniforms=0x7F framebuffer=7 target=2688 logical=1344 viewport=0,0,2688,2688 scissor=1,34,34,1277,941 sourcePacked=0 vertices=12 modifiedXY=0 geometry=0x00030001 z=1 fog=1 lighting=1 texgen=0 billboard=0 projectionSig=1.8107,2.4142,0.0000,0.0000,-1.0000,0.0000
2026-07-20T20:58:48.872 I pid=20741 tid=20775 [M64P-QuestVR] Quest VR draw class primitive=triangles projection=perspective-folded program=61 uniforms=0x7F framebuffer=7 target=2688 logical=1344 viewport=0,0,2688,2688 scissor=1,34,34,1277,941 sourcePacked=0 vertices=3 modifiedXY=0 geometry=0x00010001 z=1 fog=1 lighting=0 texgen=0 billboard=0 projectionSig=1.8107,2.4142,0.0000,0.0000,-1.0000,0.0000
2026-07-20T20:58:50.216 I pid=20741 tid=20779 [M64P-QuestVR] EGL[frame-current] tid=20779 display=0xb40000768c532b40 context=0xb4000075c7f1e680 draw=0xb4000075c7f1ec00 read=0xb4000075c7f1ec00 config=0xb4000075c0e94560 id=9 client=3 surfaceType=0x15a5 renderable=0x45 rgba=8/8/8/8 GL_VERSION=OpenGL ES 3.2 V@0837.0.7 (GIT@3dbacedba8, I13e643cb5c, 1768227585) (Date:01/12/26) GL_RENDERER=Adreno (TM) 740
2026-07-20T20:58:50.228 I pid=20741 tid=20779 [M64P-QuestVR] frame=3900 xrWaitFrame -> 0 (XR_SUCCESS)
2026-07-20T20:58:50.228 I pid=20741 tid=20779 [M64P-QuestVR] frame=3900 wait complete predictedDisplayTime=11342262269213 predictedPeriod=13888676 shouldRender=1 sessionState=FOCUSED
2026-07-20T20:58:50.228 I pid=20741 tid=20779 [M64P-QuestVR] frame=3900 xrBeginFrame -> 0 (XR_SUCCESS)
2026-07-20T20:58:50.228 I pid=20741 tid=20779 [M64P-QuestVR] frame=3900 xrLocateViews -> 0 (XR_SUCCESS)
2026-07-20T20:58:50.228 I pid=20741 tid=20779 [M64P-QuestVR] frame=3900 located eye=0 pose=[q 0.0368 0.2583 -0.0072 -0.9653, p 0.0066 0.0014 0.0435] fov=[L -0.8552 R 0.7854 U 0.8378 D -0.8727] flags=0xf
2026-07-20T20:58:50.229 I pid=20741 tid=20779 [M64P-QuestVR] frame=3900 located eye=1 pose=[q 0.0368 0.2583 -0.0072 -0.9653, p 0.0612 0.0035 0.0749] fov=[L -0.7854 R 0.8552 U 0.8378 D -0.8727] flags=0xf
2026-07-20T20:58:50.229 I pid=20741 tid=20779 [M64P-QuestVR] frame=3900 xrAcquireSwapchainImage -> 0 (XR_SUCCESS)
2026-07-20T20:58:50.229 I pid=20741 tid=20779 [M64P-QuestVR] frame=3900 eye=0 acquired swapchain=0x17 imageIndex=2 texture=3 size=1680x1760
2026-07-20T20:58:50.229 I pid=20741 tid=20779 [M64P-QuestVR] frame=3900 xrWaitSwapchainImage -> 0 (XR_SUCCESS)
2026-07-20T20:58:50.229 I pid=20741 tid=20779 [M64P-QuestVR] frame=3900 OpenXR source sample destinationEye=0 sourceEye=0 texture=7 baseUv=[0.00000,0 -> 0.50000,1] surfaceMappedUv=[0.00000,1.00000 -> 0.50000,0.00000] source=2688x1008 perEye=1344x1008 destinationViewport=[0,0 1680x1760] quadScale=1.00000x0.71591 sourceFilter=GL_LINEAR
2026-07-20T20:58:50.229 I pid=20741 tid=20779 [M64P-QuestVR] frame=3900 xrReleaseSwapchainImage -> 0 (XR_SUCCESS)
2026-07-20T20:58:50.229 I pid=20741 tid=20779 [M64P-QuestVR] frame=3900 immersiveProjectionView=0 sourceEye=0 poseSource=MATCHED_SOURCE_FRAME poseAge=41.66ms swapchain=0x17 rect=[0,0 1680x1760] array=0 pose=[q 0.0369 0.2584 -0.0071 -0.9653, p 0.0067 0.0014 0.0435] fov=[L -0.8552 R 0.7854 U 0.8378 D -0.8727] source=2688x1008 perEye=1344x1008 ready=1
2026-07-20T20:58:50.229 I pid=20741 tid=20779 [M64P-QuestVR] frame=3900 xrAcquireSwapchainImage -> 0 (XR_SUCCESS)
2026-07-20T20:58:50.229 I pid=20741 tid=20779 [M64P-QuestVR] frame=3900 eye=1 acquired swapchain=0x18 imageIndex=2 texture=6 size=1680x1760
2026-07-20T20:58:50.229 I pid=20741 tid=20779 [M64P-QuestVR] frame=3900 xrWaitSwapchainImage -> 0 (XR_SUCCESS)
2026-07-20T20:58:50.229 I pid=20741 tid=20779 [M64P-QuestVR] frame=3900 OpenXR source sample destinationEye=1 sourceEye=1 texture=7 baseUv=[0.50000,0 -> 1.00000,1] surfaceMappedUv=[0.50000,1.00000 -> 1.00000,0.00000] source=2688x1008 perEye=1344x1008 destinationViewport=[0,0 1680x1760] quadScale=1.00000x0.71591 sourceFilter=GL_LINEAR
2026-07-20T20:58:50.229 I pid=20741 tid=20779 [M64P-QuestVR] frame=3900 xrReleaseSwapchainImage -> 0 (XR_SUCCESS)
2026-07-20T20:58:50.229 I pid=20741 tid=20779 [M64P-QuestVR] frame=3900 immersiveProjectionView=1 sourceEye=1 poseSource=MATCHED_SOURCE_FRAME poseAge=41.66ms swapchain=0x18 rect=[0,0 1680x1760] array=0 pose=[q 0.0369 0.2584 -0.0071 -0.9653, p 0.0613 0.0034 0.0749] fov=[L -0.7854 R 0.8552 U 0.8378 D -0.8727] source=2688x1008 perEye=1344x1008 ready=1
2026-07-20T20:58:50.229 I pid=20741 tid=20779 [M64P-QuestVR] frame=3900 xrEndFrame input displayTime=11342262269213 blendMode=1 layerCount=1 content=SOURCE_TEXTURE presentation=IMMERSIVE_PROJECTION layerPtr=0x75557f0f80
2026-07-20T20:58:50.229 I pid=20741 tid=20779 [M64P-QuestVR] frame=3900 xrEndFrame -> 0 (XR_SUCCESS)
2026-07-20T20:58:50.229 I pid=20741 tid=20779 [M64P-QuestVR] periodic status samples=300 submitted=3900 layers=300 visibleLayers=3899 state=FOCUSED avgWait=12.99ms avgNative=13.64ms avgWork=0.66ms maxWork=1.55ms presentation=IMMERSIVE_PROJECTION immersiveScale=1.000 sourceTotal=2688x1008 sourcePerEye=1344x1008 contentAspect=1.3333 stereo=1 swapEyes=0 consumerEye=1680x1760 screenScale=1.000 screenDistance=2.000m screenAnchorValid=0 proofLayers=0 sourcePoseAge=41.66ms poseMatches=1555 poseMisses=2 textureTs=11342207132806 latchCalls=1557 newSourceFrames=1555 sourceBlitReady=1
2026-07-20T20:58:54.382 I pid=20741 tid=20779 [M64P-QuestVR] EGL[frame-current] tid=20779 display=0xb40000768c532b40 context=0xb4000075c7f1e680 draw=0xb4000075c7f1ec00 read=0xb4000075c7f1ec00 config=0xb4000075c0e94560 id=9 client=3 surfaceType=0x15a5 renderable=0x45 rgba=8/8/8/8 GL_VERSION=OpenGL ES 3.2 V@0837.0.7 (GIT@3dbacedba8, I13e643cb5c, 1768227585) (Date:01/12/26) GL_RENDERER=Adreno (TM) 740
2026-07-20T20:58:54.395 I pid=20741 tid=20779 [M64P-QuestVR] frame=4200 xrWaitFrame -> 0 (XR_SUCCESS)
2026-07-20T20:58:54.395 I pid=20741 tid=20779 [M64P-QuestVR] frame=4200 wait complete predictedDisplayTime=11346428427857 predictedPeriod=13888676 shouldRender=1 sessionState=FOCUSED
2026-07-20T20:58:54.395 I pid=20741 tid=20779 [M64P-QuestVR] frame=4200 xrBeginFrame -> 0 (XR_SUCCESS)
2026-07-20T20:58:54.395 I pid=20741 tid=20779 [M64P-QuestVR] frame=4200 xrLocateViews -> 0 (XR_SUCCESS)
2026-07-20T20:58:54.395 I pid=20741 tid=20779 [M64P-QuestVR] frame=4200 located eye=0 pose=[q 0.0275 0.2436 -0.0125 -0.9694, p 0.0021 0.0033 0.0448] fov=[L -0.8552 R 0.7854 U 0.8378 D -0.8727] flags=0xf
2026-07-20T20:58:54.395 I pid=20741 tid=20779 [M64P-QuestVR] frame=4200 located eye=1 pose=[q 0.0275 0.2436 -0.0125 -0.9694, p 0.0576 0.0057 0.0745] fov=[L -0.7854 R 0.8552 U 0.8378 D -0.8727] flags=0xf
2026-07-20T20:58:54.395 I pid=20741 tid=20779 [M64P-QuestVR] frame=4200 xrAcquireSwapchainImage -> 0 (XR_SUCCESS)
2026-07-20T20:58:54.395 I pid=20741 tid=20779 [M64P-QuestVR] frame=4200 eye=0 acquired swapchain=0x17 imageIndex=2 texture=3 size=1680x1760
2026-07-20T20:58:54.395 I pid=20741 tid=20779 [M64P-QuestVR] frame=4200 xrWaitSwapchainImage -> 0 (XR_SUCCESS)
2026-07-20T20:58:54.395 I pid=20741 tid=20779 [M64P-QuestVR] frame=4200 OpenXR source sample destinationEye=0 sourceEye=0 texture=7 baseUv=[0.00000,0 -> 0.50000,1] surfaceMappedUv=[0.00000,1.00000 -> 0.50000,0.00000] source=2688x1008 perEye=1344x1008 destinationViewport=[0,0 1680x1760] quadScale=1.00000x0.71591 sourceFilter=GL_LINEAR
2026-07-20T20:58:54.395 I pid=20741 tid=20779 [M64P-QuestVR] frame=4200 xrReleaseSwapchainImage -> 0 (XR_SUCCESS)
2026-07-20T20:58:54.395 I pid=20741 tid=20779 [M64P-QuestVR] frame=4200 immersiveProjectionView=0 sourceEye=0 poseSource=MATCHED_SOURCE_FRAME poseAge=41.66ms swapchain=0x17 rect=[0,0 1680x1760] array=0 pose=[q 0.0282 0.2510 -0.0122 -0.9675, p 0.0037 0.0031 0.0449] fov=[L -0.8552 R 0.7854 U 0.8378 D -0.8727] source=2688x1008 perEye=1344x1008 ready=1
2026-07-20T20:58:54.395 I pid=20741 tid=20779 [M64P-QuestVR] frame=4200 xrAcquireSwapchainImage -> 0 (XR_SUCCESS)
2026-07-20T20:58:54.395 I pid=20741 tid=20779 [M64P-QuestVR] frame=4200 eye=1 acquired swapchain=0x18 imageIndex=2 texture=6 size=1680x1760
2026-07-20T20:58:54.395 I pid=20741 tid=20779 [M64P-QuestVR] frame=4200 xrWaitSwapchainImage -> 0 (XR_SUCCESS)
2026-07-20T20:58:54.395 I pid=20741 tid=20779 [M64P-QuestVR] frame=4200 OpenXR source sample destinationEye=1 sourceEye=1 texture=7 baseUv=[0.50000,0 -> 1.00000,1] surfaceMappedUv=[0.50000,1.00000 -> 1.00000,0.00000] source=2688x1008 perEye=1344x1008 destinationViewport=[0,0 1680x1760] quadScale=1.00000x0.71591 sourceFilter=GL_LINEAR
2026-07-20T20:58:54.395 I pid=20741 tid=20779 [M64P-QuestVR] frame=4200 xrReleaseSwapchainImage -> 0 (XR_SUCCESS)
2026-07-20T20:58:54.395 I pid=20741 tid=20779 [M64P-QuestVR] frame=4200 immersiveProjectionView=1 sourceEye=1 poseSource=MATCHED_SOURCE_FRAME poseAge=41.66ms swapchain=0x18 rect=[0,0 1680x1760] array=0 pose=[q 0.0282 0.2510 -0.0122 -0.9675, p 0.0588 0.0055 0.0755] fov=[L -0.7854 R 0.8552 U 0.8378 D -0.8727] source=2688x1008 perEye=1344x1008 ready=1
2026-07-20T20:58:54.396 I pid=20741 tid=20779 [M64P-QuestVR] frame=4200 xrEndFrame input displayTime=11346428427857 blendMode=1 layerCount=1 content=SOURCE_TEXTURE presentation=IMMERSIVE_PROJECTION layerPtr=0x75557f1030
2026-07-20T20:58:54.396 I pid=20741 tid=20779 [M64P-QuestVR] frame=4200 xrEndFrame -> 0 (XR_SUCCESS)
2026-07-20T20:58:54.396 I pid=20741 tid=20779 [M64P-QuestVR] periodic status samples=300 submitted=4200 layers=300 visibleLayers=4199 state=FOCUSED avgWait=13.05ms avgNative=13.66ms avgWork=0.61ms maxWork=1.33ms presentation=IMMERSIVE_PROJECTION immersiveScale=1.000 sourceTotal=2688x1008 sourcePerEye=1344x1008 contentAspect=1.3333 stereo=1 swapEyes=0 consumerEye=1680x1760 screenScale=1.000 screenDistance=2.000m screenAnchorValid=0 proofLayers=0 sourcePoseAge=41.66ms poseMatches=1676 poseMisses=2 textureTs=11346375032909 latchCalls=1678 newSourceFrames=1676 sourceBlitReady=1
2026-07-20T20:58:58.464+1000 I pid=20741 tid=20779 thread=Render thread [GameSurface] GLideN64 SurfaceTexture callback=1800 timestamp=11350480017641 newLatchedFrames=1798 externalTexture=7
2026-07-20T20:58:58.465 I pid=20741 tid=20779 [M64P-QuestVR] SurfaceTexture latch call=1800 timestamp=11350480017641 previous=11350444431856 newFrames=1798 sourceTexture=7 poseMatched=1 tid=20779
2026-07-20T20:58:58.548 I pid=20741 tid=20779 [M64P-QuestVR] EGL[frame-current] tid=20779 display=0xb40000768c532b40 context=0xb4000075c7f1e680 draw=0xb4000075c7f1ec00 read=0xb4000075c7f1ec00 config=0xb4000075c0e94560 id=9 client=3 surfaceType=0x15a5 renderable=0x45 rgba=8/8/8/8 GL_VERSION=OpenGL ES 3.2 V@0837.0.7 (GIT@3dbacedba8, I13e643cb5c, 1768227585) (Date:01/12/26) GL_RENDERER=Adreno (TM) 740
2026-07-20T20:58:58.561 I pid=20741 tid=20779 [M64P-QuestVR] frame=4500 xrWaitFrame -> 0 (XR_SUCCESS)
2026-07-20T20:58:58.561 I pid=20741 tid=20779 [M64P-QuestVR] frame=4500 wait complete predictedDisplayTime=11350594588761 predictedPeriod=13888676 shouldRender=1 sessionState=FOCUSED
2026-07-20T20:58:58.561 I pid=20741 tid=20779 [M64P-QuestVR] frame=4500 xrBeginFrame -> 0 (XR_SUCCESS)
2026-07-20T20:58:58.561 I pid=20741 tid=20779 [M64P-QuestVR] frame=4500 xrLocateViews -> 0 (XR_SUCCESS)
2026-07-20T20:58:58.561 I pid=20741 tid=20779 [M64P-QuestVR] frame=4500 located eye=0 pose=[q 0.0305 0.2781 -0.0136 -0.9600, p 0.0075 0.0029 0.0459] fov=[L -0.8552 R 0.7854 U 0.8378 D -0.8727] flags=0xf
2026-07-20T20:58:58.561 I pid=20741 tid=20779 [M64P-QuestVR] frame=4500 located eye=1 pose=[q 0.0305 0.2781 -0.0136 -0.9600, p 0.0608 0.0057 0.0795] fov=[L -0.7854 R 0.8552 U 0.8378 D -0.8727] flags=0xf
2026-07-20T20:58:58.561 I pid=20741 tid=20779 [M64P-QuestVR] frame=4500 xrAcquireSwapchainImage -> 0 (XR_SUCCESS)
2026-07-20T20:58:58.561 I pid=20741 tid=20779 [M64P-QuestVR] frame=4500 eye=0 acquired swapchain=0x17 imageIndex=2 texture=3 size=1680x1760
2026-07-20T20:58:58.561 I pid=20741 tid=20779 [M64P-QuestVR] frame=4500 xrWaitSwapchainImage -> 0 (XR_SUCCESS)
2026-07-20T20:58:58.561 I pid=20741 tid=20779 [M64P-QuestVR] frame=4500 OpenXR source sample destinationEye=0 sourceEye=0 texture=7 baseUv=[0.00000,0 -> 0.50000,1] surfaceMappedUv=[0.00000,1.00000 -> 0.50000,0.00000] source=2688x1008 perEye=1344x1008 destinationViewport=[0,0 1680x1760] quadScale=1.00000x0.71591 sourceFilter=GL_LINEAR
2026-07-20T20:58:58.561 I pid=20741 tid=20779 [M64P-QuestVR] frame=4500 xrReleaseSwapchainImage -> 0 (XR_SUCCESS)
2026-07-20T20:58:58.561 I pid=20741 tid=20779 [M64P-QuestVR] frame=4500 immersiveProjectionView=0 sourceEye=0 poseSource=MATCHED_SOURCE_FRAME poseAge=41.66ms swapchain=0x17 rect=[0,0 1680x1760] array=0 pose=[q 0.0307 0.2773 -0.0137 -0.9602, p 0.0072 0.0029 0.0458] fov=[L -0.8552 R 0.7854 U 0.8378 D -0.8727] source=2688x1008 perEye=1344x1008 ready=1
2026-07-20T20:58:58.561 I pid=20741 tid=20779 [M64P-QuestVR] frame=4500 xrAcquireSwapchainImage -> 0 (XR_SUCCESS)
2026-07-20T20:58:58.561 I pid=20741 tid=20779 [M64P-QuestVR] frame=4500 eye=1 acquired swapchain=0x18 imageIndex=2 texture=6 size=1680x1760
2026-07-20T20:58:58.561 I pid=20741 tid=20779 [M64P-QuestVR] frame=4500 xrWaitSwapchainImage -> 0 (XR_SUCCESS)
2026-07-20T20:58:58.562 I pid=20741 tid=20779 [M64P-QuestVR] frame=4500 OpenXR source sample destinationEye=1 sourceEye=1 texture=7 baseUv=[0.50000,0 -> 1.00000,1] surfaceMappedUv=[0.50000,1.00000 -> 1.00000,0.00000] source=2688x1008 perEye=1344x1008 destinationViewport=[0,0 1680x1760] quadScale=1.00000x0.71591 sourceFilter=GL_LINEAR
2026-07-20T20:58:58.562 I pid=20741 tid=20779 [M64P-QuestVR] frame=4500 xrReleaseSwapchainImage -> 0 (XR_SUCCESS)
2026-07-20T20:58:58.562 I pid=20741 tid=20779 [M64P-QuestVR] frame=4500 immersiveProjectionView=1 sourceEye=1 poseSource=MATCHED_SOURCE_FRAME poseAge=41.66ms swapchain=0x18 rect=[0,0 1680x1760] array=0 pose=[q 0.0307 0.2773 -0.0137 -0.9602, p 0.0605 0.0057 0.0793] fov=[L -0.7854 R 0.8552 U 0.8378 D -0.8727] source=2688x1008 perEye=1344x1008 ready=1
2026-07-20T20:58:58.562 I pid=20741 tid=20779 [M64P-QuestVR] frame=4500 xrEndFrame input displayTime=11350594588761 blendMode=1 layerCount=1 content=SOURCE_TEXTURE presentation=IMMERSIVE_PROJECTION layerPtr=0x75557f1030
2026-07-20T20:58:58.562 I pid=20741 tid=20779 [M64P-QuestVR] frame=4500 xrEndFrame -> 0 (XR_SUCCESS)
2026-07-20T20:58:58.562 I pid=20741 tid=20779 [M64P-QuestVR] periodic status samples=300 submitted=4500 layers=300 visibleLayers=4499 state=FOCUSED avgWait=13.02ms avgNative=13.65ms avgWork=0.63ms maxWork=1.35ms presentation=IMMERSIVE_PROJECTION immersiveScale=1.000 sourceTotal=2688x1008 sourcePerEye=1344x1008 contentAspect=1.3333 stereo=1 swapEyes=0 consumerEye=1680x1760 screenScale=1.000 screenDistance=2.000m screenAnchorValid=0 proofLayers=0 sourcePoseAge=41.66ms poseMatches=1800 poseMisses=2 textureTs=11350543677126 latchCalls=1802 newSourceFrames=1800 sourceBlitReady=1
2026-07-20T20:59:02.715 I pid=20741 tid=20779 [M64P-QuestVR] EGL[frame-current] tid=20779 display=0xb40000768c532b40 context=0xb4000075c7f1e680 draw=0xb4000075c7f1ec00 read=0xb4000075c7f1ec00 config=0xb4000075c0e94560 id=9 client=3 surfaceType=0x15a5 renderable=0x45 rgba=8/8/8/8 GL_VERSION=OpenGL ES 3.2 V@0837.0.7 (GIT@3dbacedba8, I13e643cb5c, 1768227585) (Date:01/12/26) GL_RENDERER=Adreno (TM) 740
2026-07-20T20:59:02.727 I pid=20741 tid=20779 [M64P-QuestVR] frame=4800 xrWaitFrame -> 0 (XR_SUCCESS)
2026-07-20T20:59:02.727 I pid=20741 tid=20779 [M64P-QuestVR] frame=4800 wait complete predictedDisplayTime=11354760749667 predictedPeriod=13888676 shouldRender=1 sessionState=FOCUSED
2026-07-20T20:59:02.727 I pid=20741 tid=20779 [M64P-QuestVR] frame=4800 xrBeginFrame -> 0 (XR_SUCCESS)
2026-07-20T20:59:02.727 I pid=20741 tid=20779 [M64P-QuestVR] frame=4800 xrLocateViews -> 0 (XR_SUCCESS)
2026-07-20T20:59:02.727 I pid=20741 tid=20779 [M64P-QuestVR] frame=4800 located eye=0 pose=[q -0.0015 0.2821 -0.0189 -0.9592, p 0.0053 0.0108 0.0516] fov=[L -0.8552 R 0.7854 U 0.8378 D -0.8727] flags=0xf
2026-07-20T20:59:02.727 I pid=20741 tid=20779 [M64P-QuestVR] frame=4800 located eye=1 pose=[q -0.0015 0.2821 -0.0189 -0.9592, p 0.0583 0.0130 0.0857] fov=[L -0.7854 R 0.8552 U 0.8378 D -0.8727] flags=0xf
2026-07-20T20:59:02.727 I pid=20741 tid=20779 [M64P-QuestVR] frame=4800 xrAcquireSwapchainImage -> 0 (XR_SUCCESS)
2026-07-20T20:59:02.727 I pid=20741 tid=20779 [M64P-QuestVR] frame=4800 eye=0 acquired swapchain=0x17 imageIndex=2 texture=3 size=1680x1760
2026-07-20T20:59:02.727 I pid=20741 tid=20779 [M64P-QuestVR] frame=4800 xrWaitSwapchainImage -> 0 (XR_SUCCESS)
2026-07-20T20:59:02.727 I pid=20741 tid=20779 [M64P-QuestVR] frame=4800 OpenXR source sample destinationEye=0 sourceEye=0 texture=7 baseUv=[0.00000,0 -> 0.50000,1] surfaceMappedUv=[0.00000,1.00000 -> 0.50000,0.00000] source=2688x1008 perEye=1344x1008 destinationViewport=[0,0 1680x1760] quadScale=1.00000x0.71591 sourceFilter=GL_LINEAR
2026-07-20T20:59:02.727 I pid=20741 tid=20779 [M64P-QuestVR] frame=4800 xrReleaseSwapchainImage -> 0 (XR_SUCCESS)
2026-07-20T20:59:02.727 I pid=20741 tid=20779 [M64P-QuestVR] frame=4800 immersiveProjectionView=0 sourceEye=0 poseSource=MATCHED_SOURCE_FRAME poseAge=41.66ms swapchain=0x17 rect=[0,0 1680x1760] array=0 pose=[q -0.0018 0.2840 -0.0194 -0.9586, p 0.0057 0.0108 0.0514] fov=[L -0.8552 R 0.7854 U 0.8378 D -0.8727] source=2688x1008 perEye=1344x1008 ready=1
2026-07-20T20:59:02.728 I pid=20741 tid=20779 [M64P-QuestVR] frame=4800 xrAcquireSwapchainImage -> 0 (XR_SUCCESS)
2026-07-20T20:59:02.728 I pid=20741 tid=20779 [M64P-QuestVR] frame=4800 eye=1 acquired swapchain=0x18 imageIndex=2 texture=6 size=1680x1760
2026-07-20T20:59:02.728 I pid=20741 tid=20779 [M64P-QuestVR] frame=4800 xrWaitSwapchainImage -> 0 (XR_SUCCESS)
2026-07-20T20:59:02.728 I pid=20741 tid=20779 [M64P-QuestVR] frame=4800 OpenXR source sample destinationEye=1 sourceEye=1 texture=7 baseUv=[0.50000,0 -> 1.00000,1] surfaceMappedUv=[0.50000,1.00000 -> 1.00000,0.00000] source=2688x1008 perEye=1344x1008 destinationViewport=[0,0 1680x1760] quadScale=1.00000x0.71591 sourceFilter=GL_LINEAR
2026-07-20T20:59:02.728 I pid=20741 tid=20779 [M64P-QuestVR] frame=4800 xrReleaseSwapchainImage -> 0 (XR_SUCCESS)
2026-07-20T20:59:02.728 I pid=20741 tid=20779 [M64P-QuestVR] frame=4800 immersiveProjectionView=1 sourceEye=1 poseSource=MATCHED_SOURCE_FRAME poseAge=41.66ms swapchain=0x18 rect=[0,0 1680x1760] array=0 pose=[q -0.0018 0.2840 -0.0194 -0.9586, p 0.0585 0.0131 0.0857] fov=[L -0.7854 R 0.8552 U 0.8378 D -0.8727] source=2688x1008 perEye=1344x1008 ready=1
2026-07-20T20:59:02.728 I pid=20741 tid=20779 [M64P-QuestVR] frame=4800 xrEndFrame input displayTime=11354760749667 blendMode=1 layerCount=1 content=SOURCE_TEXTURE presentation=IMMERSIVE_PROJECTION layerPtr=0x75557f1030
2026-07-20T20:59:02.728 I pid=20741 tid=20779 [M64P-QuestVR] frame=4800 xrEndFrame -> 0 (XR_SUCCESS)
2026-07-20T20:59:02.728 I pid=20741 tid=20779 [M64P-QuestVR] periodic status samples=300 submitted=4800 layers=300 visibleLayers=4799 state=FOCUSED avgWait=13.03ms avgNative=13.65ms avgWork=0.62ms maxWork=1.38ms presentation=IMMERSIVE_PROJECTION immersiveScale=1.000 sourceTotal=2688x1008 sourcePerEye=1344x1008 contentAspect=1.3333 stereo=1 swapEyes=0 consumerEye=1680x1760 screenScale=1.000 screenDistance=2.000m screenAnchorValid=0 proofLayers=0 sourcePoseAge=41.66ms poseMatches=1925 poseMisses=2 textureTs=11354715587802 latchCalls=1927 newSourceFrames=1925 sourceBlitReady=1
2026-07-20T20:59:06.881 I pid=20741 tid=20779 [M64P-QuestVR] EGL[frame-current] tid=20779 display=0xb40000768c532b40 context=0xb4000075c7f1e680 draw=0xb4000075c7f1ec00 read=0xb4000075c7f1ec00 config=0xb4000075c0e94560 id=9 client=3 surfaceType=0x15a5 renderable=0x45 rgba=8/8/8/8 GL_VERSION=OpenGL ES 3.2 V@0837.0.7 (GIT@3dbacedba8, I13e643cb5c, 1768227585) (Date:01/12/26) GL_RENDERER=Adreno (TM) 740
2026-07-20T20:59:06.893 I pid=20741 tid=20779 [M64P-QuestVR] frame=5100 xrWaitFrame -> 0 (XR_SUCCESS)
2026-07-20T20:59:06.893 I pid=20741 tid=20779 [M64P-QuestVR] frame=5100 wait complete predictedDisplayTime=11358926908311 predictedPeriod=13888676 shouldRender=1 sessionState=FOCUSED
2026-07-20T20:59:06.893 I pid=20741 tid=20779 [M64P-QuestVR] frame=5100 xrBeginFrame -> 0 (XR_SUCCESS)
2026-07-20T20:59:06.893 I pid=20741 tid=20779 [M64P-QuestVR] frame=5100 xrLocateViews -> 0 (XR_SUCCESS)
2026-07-20T20:59:06.894 I pid=20741 tid=20779 [M64P-QuestVR] frame=5100 located eye=0 pose=[q 0.0363 0.2452 -0.0054 -0.9688, p -0.0948 -0.0041 0.2187] fov=[L -0.8552 R 0.7854 U 0.8378 D -0.8727] flags=0xf
2026-07-20T20:59:06.894 I pid=20741 tid=20779 [M64P-QuestVR] frame=5100 located eye=1 pose=[q 0.0363 0.2452 -0.0054 -0.9688, p -0.0393 -0.0023 0.2486] fov=[L -0.7854 R 0.8552 U 0.8378 D -0.8727] flags=0xf
2026-07-20T20:59:06.894 I pid=20741 tid=20779 [M64P-QuestVR] frame=5100 xrAcquireSwapchainImage -> 0 (XR_SUCCESS)
2026-07-20T20:59:06.894 I pid=20741 tid=20779 [M64P-QuestVR] frame=5100 eye=0 acquired swapchain=0x17 imageIndex=2 texture=3 size=1680x1760
2026-07-20T20:59:06.894 I pid=20741 tid=20779 [M64P-QuestVR] frame=5100 xrWaitSwapchainImage -> 0 (XR_SUCCESS)
2026-07-20T20:59:06.894 I pid=20741 tid=20779 [M64P-QuestVR] frame=5100 OpenXR source sample destinationEye=0 sourceEye=0 texture=7 baseUv=[0.00000,0 -> 0.50000,1] surfaceMappedUv=[0.00000,1.00000 -> 0.50000,0.00000] source=2688x1008 perEye=1344x1008 destinationViewport=[0,0 1680x1760] quadScale=1.00000x0.71591 sourceFilter=GL_LINEAR
2026-07-20T20:59:06.894 I pid=20741 tid=20779 [M64P-QuestVR] frame=5100 xrReleaseSwapchainImage -> 0 (XR_SUCCESS)
2026-07-20T20:59:06.894 I pid=20741 tid=20779 [M64P-QuestVR] frame=5100 immersiveProjectionView=0 sourceEye=0 poseSource=MATCHED_SOURCE_FRAME poseAge=41.66ms swapchain=0x17 rect=[0,0 1680x1760] array=0 pose=[q 0.0380 0.2501 -0.0049 -0.9675, p -0.0927 -0.0043 0.2156] fov=[L -0.8552 R 0.7854 U 0.8378 D -0.8727] source=2688x1008 perEye=1344x1008 ready=1
2026-07-20T20:59:06.894 I pid=20741 tid=20779 [M64P-QuestVR] frame=5100 xrAcquireSwapchainImage -> 0 (XR_SUCCESS)
2026-07-20T20:59:06.894 I pid=20741 tid=20779 [M64P-QuestVR] frame=5100 eye=1 acquired swapchain=0x18 imageIndex=2 texture=6 size=1680x1760
2026-07-20T20:59:06.894 I pid=20741 tid=20779 [M64P-QuestVR] frame=5100 xrWaitSwapchainImage -> 0 (XR_SUCCESS)
2026-07-20T20:59:06.894 I pid=20741 tid=20779 [M64P-QuestVR] frame=5100 OpenXR source sample destinationEye=1 sourceEye=1 texture=7 baseUv=[0.50000,0 -> 1.00000,1] surfaceMappedUv=[0.50000,1.00000 -> 1.00000,0.00000] source=2688x1008 perEye=1344x1008 destinationViewport=[0,0 1680x1760] quadScale=1.00000x0.71591 sourceFilter=GL_LINEAR
2026-07-20T20:59:06.895 I pid=20741 tid=20779 [M64P-QuestVR] frame=5100 xrReleaseSwapchainImage -> 0 (XR_SUCCESS)
2026-07-20T20:59:06.895 I pid=20741 tid=20779 [M64P-QuestVR] frame=5100 immersiveProjectionView=1 sourceEye=1 poseSource=MATCHED_SOURCE_FRAME poseAge=41.66ms swapchain=0x18 rect=[0,0 1680x1760] array=0 pose=[q 0.0380 0.2501 -0.0049 -0.9675, p -0.0375 -0.0025 0.2461] fov=[L -0.7854 R 0.8552 U 0.8378 D -0.8727] source=2688x1008 perEye=1344x1008 ready=1
2026-07-20T20:59:06.895 I pid=20741 tid=20779 [M64P-QuestVR] frame=5100 xrEndFrame input displayTime=11358926908311 blendMode=1 layerCount=1 content=SOURCE_TEXTURE presentation=IMMERSIVE_PROJECTION layerPtr=0x75557f1030
2026-07-20T20:59:06.895 I pid=20741 tid=20779 [M64P-QuestVR] frame=5100 xrEndFrame -> 0 (XR_SUCCESS)
2026-07-20T20:59:06.895 I pid=20741 tid=20779 [M64P-QuestVR] periodic status samples=300 submitted=5100 layers=300 visibleLayers=5099 state=FOCUSED avgWait=13.04ms avgNative=13.65ms avgWork=0.61ms maxWork=1.48ms presentation=IMMERSIVE_PROJECTION immersiveScale=1.000 sourceTotal=2688x1008 sourcePerEye=1344x1008 contentAspect=1.3333 stereo=1 swapEyes=0 consumerEye=1680x1760 screenScale=1.000 screenDistance=2.000m screenAnchorValid=0 proofLayers=0 sourcePoseAge=41.66ms poseMatches=2049 poseMisses=2 textureTs=11358891060145 latchCalls=2051 newSourceFrames=2049 sourceBlitReady=1
2026-07-20T20:59:08.519+1000 I pid=20741 tid=20779 thread=Render thread [GameSurface] GLideN64 SurfaceTexture callback=2100 timestamp=11360527062339 newLatchedFrames=2098 externalTexture=7
2026-07-20T20:59:08.519 I pid=20741 tid=20779 [M64P-QuestVR] SurfaceTexture latch call=2100 timestamp=11360527062339 previous=11360493939159 newFrames=2098 sourceTexture=7 poseMatched=1 tid=20779
2026-07-20T20:59:11.047 I pid=20741 tid=20779 [M64P-QuestVR] EGL[frame-current] tid=20779 display=0xb40000768c532b40 context=0xb4000075c7f1e680 draw=0xb4000075c7f1ec00 read=0xb4000075c7f1ec00 config=0xb4000075c0e94560 id=9 client=3 surfaceType=0x15a5 renderable=0x45 rgba=8/8/8/8 GL_VERSION=OpenGL ES 3.2 V@0837.0.7 (GIT@3dbacedba8, I13e643cb5c, 1768227585) (Date:01/12/26) GL_RENDERER=Adreno (TM) 740
2026-07-20T20:59:11.060 I pid=20741 tid=20779 [M64P-QuestVR] frame=5400 xrWaitFrame -> 0 (XR_SUCCESS)
2026-07-20T20:59:11.060 I pid=20741 tid=20779 [M64P-QuestVR] frame=5400 wait complete predictedDisplayTime=11363093071477 predictedPeriod=13888676 shouldRender=1 sessionState=FOCUSED
2026-07-20T20:59:11.060 I pid=20741 tid=20779 [M64P-QuestVR] frame=5400 xrBeginFrame -> 0 (XR_SUCCESS)
2026-07-20T20:59:11.060 I pid=20741 tid=20779 [M64P-QuestVR] frame=5400 xrLocateViews -> 0 (XR_SUCCESS)
2026-07-20T20:59:11.060 I pid=20741 tid=20779 [M64P-QuestVR] frame=5400 located eye=0 pose=[q 0.0357 0.3214 0.0014 -0.9463, p 0.0025 0.0062 0.0642] fov=[L -0.8552 R 0.7854 U 0.8378 D -0.8727] flags=0xf
2026-07-20T20:59:11.060 I pid=20741 tid=20779 [M64P-QuestVR] frame=5400 located eye=1 pose=[q 0.0357 0.3214 0.0014 -0.9463, p 0.0526 0.0075 0.1025] fov=[L -0.7854 R 0.8552 U 0.8378 D -0.8727] flags=0xf
2026-07-20T20:59:11.060 I pid=20741 tid=20779 [M64P-QuestVR] frame=5400 xrAcquireSwapchainImage -> 0 (XR_SUCCESS)
2026-07-20T20:59:11.060 I pid=20741 tid=20779 [M64P-QuestVR] frame=5400 eye=0 acquired swapchain=0x17 imageIndex=2 texture=3 size=1680x1760
2026-07-20T20:59:11.060 I pid=20741 tid=20779 [M64P-QuestVR] frame=5400 xrWaitSwapchainImage -> 0 (XR_SUCCESS)
2026-07-20T20:59:11.060 I pid=20741 tid=20779 [M64P-QuestVR] frame=5400 OpenXR source sample destinationEye=0 sourceEye=0 texture=7 baseUv=[0.00000,0 -> 0.50000,1] surfaceMappedUv=[0.00000,1.00000 -> 0.50000,0.00000] source=2688x1008 perEye=1344x1008 destinationViewport=[0,0 1680x1760] quadScale=1.00000x0.71591 sourceFilter=GL_LINEAR
2026-07-20T20:59:11.060 I pid=20741 tid=20779 [M64P-QuestVR] frame=5400 xrReleaseSwapchainImage -> 0 (XR_SUCCESS)
2026-07-20T20:59:11.060 I pid=20741 tid=20779 [M64P-QuestVR] frame=5400 immersiveProjectionView=0 sourceEye=0 poseSource=MATCHED_SOURCE_FRAME poseAge=69.44ms swapchain=0x17 rect=[0,0 1680x1760] array=0 pose=[q 0.0342 0.3151 -0.0007 -0.9484, p 0.0007 0.0064 0.0637] fov=[L -0.8552 R 0.7854 U 0.8378 D -0.8727] source=2688x1008 perEye=1344x1008 ready=1
2026-07-20T20:59:11.060 I pid=20741 tid=20779 [M64P-QuestVR] frame=5400 xrAcquireSwapchainImage -> 0 (XR_SUCCESS)
2026-07-20T20:59:11.060 I pid=20741 tid=20779 [M64P-QuestVR] frame=5400 eye=1 acquired swapchain=0x18 imageIndex=2 texture=6 size=1680x1760
2026-07-20T20:59:11.060 I pid=20741 tid=20779 [M64P-QuestVR] frame=5400 xrWaitSwapchainImage -> 0 (XR_SUCCESS)
2026-07-20T20:59:11.060 I pid=20741 tid=20779 [M64P-QuestVR] frame=5400 OpenXR source sample destinationEye=1 sourceEye=1 texture=7 baseUv=[0.50000,0 -> 1.00000,1] surfaceMappedUv=[0.50000,1.00000 -> 1.00000,0.00000] source=2688x1008 perEye=1344x1008 destinationViewport=[0,0 1680x1760] quadScale=1.00000x0.71591 sourceFilter=GL_LINEAR
2026-07-20T20:59:11.060 I pid=20741 tid=20779 [M64P-QuestVR] frame=5400 xrReleaseSwapchainImage -> 0 (XR_SUCCESS)
2026-07-20T20:59:11.060 I pid=20741 tid=20779 [M64P-QuestVR] frame=5400 immersiveProjectionView=1 sourceEye=1 poseSource=MATCHED_SOURCE_FRAME poseAge=69.44ms swapchain=0x18 rect=[0,0 1680x1760] array=0 pose=[q 0.0342 0.3151 -0.0007 -0.9484, p 0.0513 0.0079 0.1013] fov=[L -0.7854 R 0.8552 U 0.8378 D -0.8727] source=2688x1008 perEye=1344x1008 ready=1
2026-07-20T20:59:11.060 I pid=20741 tid=20779 [M64P-QuestVR] frame=5400 xrEndFrame input displayTime=11363093071477 blendMode=1 layerCount=1 content=SOURCE_TEXTURE presentation=IMMERSIVE_PROJECTION layerPtr=0x75557f1030
2026-07-20T20:59:11.061 I pid=20741 tid=20779 [M64P-QuestVR] frame=5400 xrEndFrame -> 0 (XR_SUCCESS)
2026-07-20T20:59:11.061 I pid=20741 tid=20779 [M64P-QuestVR] periodic status samples=300 submitted=5400 layers=300 visibleLayers=5399 state=FOCUSED avgWait=13.01ms avgNative=13.64ms avgWork=0.64ms maxWork=1.17ms presentation=IMMERSIVE_PROJECTION immersiveScale=1.000 sourceTotal=2688x1008 sourcePerEye=1344x1008 contentAspect=1.3333 stereo=1 swapEyes=0 consumerEye=1680x1760 screenScale=1.000 screenDistance=2.000m screenAnchorValid=0 proofLayers=0 sourcePoseAge=69.44ms poseMatches=2169 poseMisses=2 textureTs=11363015579671 latchCalls=2171 newSourceFrames=2169 sourceBlitReady=1
2026-07-20T20:59:15.213 I pid=20741 tid=20779 [M64P-QuestVR] EGL[frame-current] tid=20779 display=0xb40000768c532b40 context=0xb4000075c7f1e680 draw=0xb4000075c7f1ec00 read=0xb4000075c7f1ec00 config=0xb4000075c0e94560 id=9 client=3 surfaceType=0x15a5 renderable=0x45 rgba=8/8/8/8 GL_VERSION=OpenGL ES 3.2 V@0837.0.7 (GIT@3dbacedba8, I13e643cb5c, 1768227585) (Date:01/12/26) GL_RENDERER=Adreno (TM) 740
2026-07-20T20:59:15.225 I pid=20741 tid=20779 [M64P-QuestVR] frame=5700 xrWaitFrame -> 0 (XR_SUCCESS)
2026-07-20T20:59:15.225 I pid=20741 tid=20779 [M64P-QuestVR] frame=5700 wait complete predictedDisplayTime=11367259230121 predictedPeriod=13888676 shouldRender=1 sessionState=FOCUSED
2026-07-20T20:59:15.226 I pid=20741 tid=20779 [M64P-QuestVR] frame=5700 xrBeginFrame -> 0 (XR_SUCCESS)
2026-07-20T20:59:15.226 I pid=20741 tid=20779 [M64P-QuestVR] frame=5700 xrLocateViews -> 0 (XR_SUCCESS)
2026-07-20T20:59:15.226 I pid=20741 tid=20779 [M64P-QuestVR] frame=5700 located eye=0 pose=[q 0.0832 0.2477 0.0046 -0.9653, p -0.0170 -0.0013 0.0631] fov=[L -0.8552 R 0.7854 U 0.8378 D -0.8727] flags=0xf
2026-07-20T20:59:15.226 I pid=20741 tid=20779 [M64P-QuestVR] frame=5700 located eye=1 pose=[q 0.0832 0.2477 0.0046 -0.9653, p 0.0383 0.0007 0.0933] fov=[L -0.7854 R 0.8552 U 0.8378 D -0.8727] flags=0xf
2026-07-20T20:59:15.226 I pid=20741 tid=20779 [M64P-QuestVR] frame=5700 xrAcquireSwapchainImage -> 0 (XR_SUCCESS)
2026-07-20T20:59:15.226 I pid=20741 tid=20779 [M64P-QuestVR] frame=5700 eye=0 acquired swapchain=0x17 imageIndex=2 texture=3 size=1680x1760
2026-07-20T20:59:15.226 I pid=20741 tid=20779 [M64P-QuestVR] frame=5700 xrWaitSwapchainImage -> 0 (XR_SUCCESS)
2026-07-20T20:59:15.226 I pid=20741 tid=20779 [M64P-QuestVR] frame=5700 OpenXR source sample destinationEye=0 sourceEye=0 texture=7 baseUv=[0.00000,0 -> 0.50000,1] surfaceMappedUv=[0.00000,1.00000 -> 0.50000,0.00000] source=2688x1008 perEye=1344x1008 destinationViewport=[0,0 1680x1760] quadScale=1.00000x0.71591 sourceFilter=GL_LINEAR
2026-07-20T20:59:15.226 I pid=20741 tid=20779 [M64P-QuestVR] frame=5700 xrReleaseSwapchainImage -> 0 (XR_SUCCESS)
2026-07-20T20:59:15.226 I pid=20741 tid=20779 [M64P-QuestVR] frame=5700 immersiveProjectionView=0 sourceEye=0 poseSource=MATCHED_SOURCE_FRAME poseAge=41.66ms swapchain=0x17 rect=[0,0 1680x1760] array=0 pose=[q 0.0845 0.2459 0.0046 -0.9656, p -0.0175 -0.0015 0.0629] fov=[L -0.8552 R 0.7854 U 0.8378 D -0.8727] source=2688x1008 perEye=1344x1008 ready=1
2026-07-20T20:59:15.226 I pid=20741 tid=20779 [M64P-QuestVR] frame=5700 xrAcquireSwapchainImage -> 0 (XR_SUCCESS)
2026-07-20T20:59:15.226 I pid=20741 tid=20779 [M64P-QuestVR] frame=5700 eye=1 acquired swapchain=0x18 imageIndex=2 texture=6 size=1680x1760
2026-07-20T20:59:15.226 I pid=20741 tid=20779 [M64P-QuestVR] frame=5700 xrWaitSwapchainImage -> 0 (XR_SUCCESS)
2026-07-20T20:59:15.226 I pid=20741 tid=20779 [M64P-QuestVR] frame=5700 OpenXR source sample destinationEye=1 sourceEye=1 texture=7 baseUv=[0.50000,0 -> 1.00000,1] surfaceMappedUv=[0.50000,1.00000 -> 1.00000,0.00000] source=2688x1008 perEye=1344x1008 destinationViewport=[0,0 1680x1760] quadScale=1.00000x0.71591 sourceFilter=GL_LINEAR
2026-07-20T20:59:15.226 I pid=20741 tid=20779 [M64P-QuestVR] frame=5700 xrReleaseSwapchainImage -> 0 (XR_SUCCESS)
2026-07-20T20:59:15.226 I pid=20741 tid=20779 [M64P-QuestVR] frame=5700 immersiveProjectionView=1 sourceEye=1 poseSource=MATCHED_SOURCE_FRAME poseAge=41.66ms swapchain=0x18 rect=[0,0 1680x1760] array=0 pose=[q 0.0845 0.2459 0.0046 -0.9656, p 0.0379 0.0005 0.0929] fov=[L -0.7854 R 0.8552 U 0.8378 D -0.8727] source=2688x1008 perEye=1344x1008 ready=1
2026-07-20T20:59:15.226 I pid=20741 tid=20779 [M64P-QuestVR] frame=5700 xrEndFrame input displayTime=11367259230121 blendMode=1 layerCount=1 content=SOURCE_TEXTURE presentation=IMMERSIVE_PROJECTION layerPtr=0x75557f1030
2026-07-20T20:59:15.227 I pid=20741 tid=20779 [M64P-QuestVR] frame=5700 xrEndFrame -> 0 (XR_SUCCESS)
2026-07-20T20:59:15.227 I pid=20741 tid=20779 [M64P-QuestVR] periodic status samples=300 submitted=5700 layers=300 visibleLayers=5699 state=FOCUSED avgWait=13.01ms avgNative=13.65ms avgWork=0.64ms maxWork=1.16ms presentation=IMMERSIVE_PROJECTION immersiveScale=1.000 sourceTotal=2688x1008 sourcePerEye=1344x1008 contentAspect=1.3333 stereo=1 swapEyes=0 consumerEye=1680x1760 screenScale=1.000 screenDistance=2.000m screenAnchorValid=0 proofLayers=0 sourcePoseAge=41.66ms poseMatches=2290 poseMisses=2 textureTs=11367212152537 latchCalls=2292 newSourceFrames=2290 sourceBlitReady=1
2026-07-20T20:59:19.004+1000 I pid=20741 tid=20779 thread=Render thread [GameSurface] GLideN64 SurfaceTexture callback=2400 timestamp=11371013169113 newLatchedFrames=2398 externalTexture=7
2026-07-20T20:59:19.004 I pid=20741 tid=20779 [M64P-QuestVR] SurfaceTexture latch call=2400 timestamp=11371013169113 previous=11370979257912 newFrames=2398 sourceTexture=7 poseMatched=1 tid=20779
2026-07-20T20:59:19.379 I pid=20741 tid=20779 [M64P-QuestVR] EGL[frame-current] tid=20779 display=0xb40000768c532b40 context=0xb4000075c7f1e680 draw=0xb4000075c7f1ec00 read=0xb4000075c7f1ec00 config=0xb4000075c0e94560 id=9 client=3 surfaceType=0x15a5 renderable=0x45 rgba=8/8/8/8 GL_VERSION=OpenGL ES 3.2 V@0837.0.7 (GIT@3dbacedba8, I13e643cb5c, 1768227585) (Date:01/12/26) GL_RENDERER=Adreno (TM) 740
2026-07-20T20:59:19.391 I pid=20741 tid=20779 [M64P-QuestVR] frame=6000 xrWaitFrame -> 0 (XR_SUCCESS)
2026-07-20T20:59:19.391 I pid=20741 tid=20779 [M64P-QuestVR] frame=6000 wait complete predictedDisplayTime=11371425391008 predictedPeriod=13888670 shouldRender=1 sessionState=FOCUSED
2026-07-20T20:59:19.391 I pid=20741 tid=20779 [M64P-QuestVR] frame=6000 xrBeginFrame -> 0 (XR_SUCCESS)
2026-07-20T20:59:19.391 I pid=20741 tid=20779 [M64P-QuestVR] frame=6000 xrLocateViews -> 0 (XR_SUCCESS)
2026-07-20T20:59:19.391 I pid=20741 tid=20779 [M64P-QuestVR] frame=6000 located eye=0 pose=[q 0.0805 0.3016 -0.0004 -0.9500, p -0.0069 -0.0005 0.0661] fov=[L -0.8552 R 0.7854 U 0.8378 D -0.8727] flags=0xf
2026-07-20T20:59:19.391 I pid=20741 tid=20779 [M64P-QuestVR] frame=6000 located eye=1 pose=[q 0.0805 0.3016 -0.0004 -0.9500, p 0.0446 0.0026 0.1022] fov=[L -0.7854 R 0.8552 U 0.8378 D -0.8727] flags=0xf
2026-07-20T20:59:19.392 I pid=20741 tid=20779 [M64P-QuestVR] frame=6000 xrAcquireSwapchainImage -> 0 (XR_SUCCESS)
2026-07-20T20:59:19.392 I pid=20741 tid=20779 [M64P-QuestVR] frame=6000 eye=0 acquired swapchain=0x17 imageIndex=2 texture=3 size=1680x1760
2026-07-20T20:59:19.392 I pid=20741 tid=20779 [M64P-QuestVR] frame=6000 xrWaitSwapchainImage -> 0 (XR_SUCCESS)
2026-07-20T20:59:19.392 I pid=20741 tid=20779 [M64P-QuestVR] frame=6000 OpenXR source sample destinationEye=0 sourceEye=0 texture=7 baseUv=[0.00000,0 -> 0.50000,1] surfaceMappedUv=[0.00000,1.00000 -> 0.50000,0.00000] source=2688x1008 perEye=1344x1008 destinationViewport=[0,0 1680x1760] quadScale=1.00000x0.71591 sourceFilter=GL_LINEAR
2026-07-20T20:59:19.392 I pid=20741 tid=20779 [M64P-QuestVR] frame=6000 xrReleaseSwapchainImage -> 0 (XR_SUCCESS)
2026-07-20T20:59:19.392 I pid=20741 tid=20779 [M64P-QuestVR] frame=6000 immersiveProjectionView=0 sourceEye=0 poseSource=MATCHED_SOURCE_FRAME poseAge=41.66ms swapchain=0x17 rect=[0,0 1680x1760] array=0 pose=[q 0.0809 0.3098 0.0004 -0.9473, p -0.0052 -0.0006 0.0665] fov=[L -0.8552 R 0.7854 U 0.8378 D -0.8727] source=2688x1008 perEye=1344x1008 ready=1
2026-07-20T20:59:19.392 I pid=20741 tid=20779 [M64P-QuestVR] frame=6000 xrAcquireSwapchainImage -> 0 (XR_SUCCESS)
2026-07-20T20:59:19.392 I pid=20741 tid=20779 [M64P-QuestVR] frame=6000 eye=1 acquired swapchain=0x18 imageIndex=2 texture=6 size=1680x1760
2026-07-20T20:59:19.392 I pid=20741 tid=20779 [M64P-QuestVR] frame=6000 xrWaitSwapchainImage -> 0 (XR_SUCCESS)
2026-07-20T20:59:19.392 I pid=20741 tid=20779 [M64P-QuestVR] frame=6000 OpenXR source sample destinationEye=1 sourceEye=1 texture=7 baseUv=[0.50000,0 -> 1.00000,1] surfaceMappedUv=[0.50000,1.00000 -> 1.00000,0.00000] source=2688x1008 perEye=1344x1008 destinationViewport=[0,0 1680x1760] quadScale=1.00000x0.71591 sourceFilter=GL_LINEAR
2026-07-20T20:59:19.392 I pid=20741 tid=20779 [M64P-QuestVR] frame=6000 xrReleaseSwapchainImage -> 0 (XR_SUCCESS)
2026-07-20T20:59:19.392 I pid=20741 tid=20779 [M64P-QuestVR] frame=6000 immersiveProjectionView=1 sourceEye=1 poseSource=MATCHED_SOURCE_FRAME poseAge=41.66ms swapchain=0x18 rect=[0,0 1680x1760] array=0 pose=[q 0.0809 0.3098 0.0004 -0.9473, p 0.0458 0.0025 0.1035] fov=[L -0.7854 R 0.8552 U 0.8378 D -0.8727] source=2688x1008 perEye=1344x1008 ready=1
2026-07-20T20:59:19.392 I pid=20741 tid=20779 [M64P-QuestVR] frame=6000 xrEndFrame input displayTime=11371425391008 blendMode=1 layerCount=1 content=SOURCE_TEXTURE presentation=IMMERSIVE_PROJECTION layerPtr=0x75557f10c0
2026-07-20T20:59:19.392 I pid=20741 tid=20779 [M64P-QuestVR] frame=6000 xrEndFrame -> 0 (XR_SUCCESS)
2026-07-20T20:59:19.392 I pid=20741 tid=20779 [M64P-QuestVR] periodic status samples=300 submitted=6000 layers=300 visibleLayers=5999 state=FOCUSED avgWait=13.01ms avgNative=13.65ms avgWork=0.64ms maxWork=1.30ms presentation=IMMERSIVE_PROJECTION immersiveScale=1.000 sourceTotal=2688x1008 sourcePerEye=1344x1008 contentAspect=1.3333 stereo=1 swapEyes=0 consumerEye=1680x1760 screenScale=1.000 screenDistance=2.000m screenAnchorValid=0 proofLayers=0 sourcePoseAge=41.66ms poseMatches=2409 poseMisses=2 textureTs=11371379748368 latchCalls=2411 newSourceFrames=2409 sourceBlitReady=1
2026-07-20T20:59:23.545 I pid=20741 tid=20779 [M64P-QuestVR] EGL[frame-current] tid=20779 display=0xb40000768c532b40 context=0xb4000075c7f1e680 draw=0xb4000075c7f1ec00 read=0xb4000075c7f1ec00 config=0xb4000075c0e94560 id=9 client=3 surfaceType=0x15a5 renderable=0x45 rgba=8/8/8/8 GL_VERSION=OpenGL ES 3.2 V@0837.0.7 (GIT@3dbacedba8, I13e643cb5c, 1768227585) (Date:01/12/26) GL_RENDERER=Adreno (TM) 740
2026-07-20T20:59:23.558 I pid=20741 tid=20779 [M64P-QuestVR] frame=6300 xrWaitFrame -> 0 (XR_SUCCESS)
2026-07-20T20:59:23.558 I pid=20741 tid=20779 [M64P-QuestVR] frame=6300 wait complete predictedDisplayTime=11375591549669 predictedPeriod=13888676 shouldRender=1 sessionState=FOCUSED
2026-07-20T20:59:23.558 I pid=20741 tid=20779 [M64P-QuestVR] frame=6300 xrBeginFrame -> 0 (XR_SUCCESS)
2026-07-20T20:59:23.558 I pid=20741 tid=20779 [M64P-QuestVR] frame=6300 xrLocateViews -> 0 (XR_SUCCESS)
2026-07-20T20:59:23.558 I pid=20741 tid=20779 [M64P-QuestVR] frame=6300 located eye=0 pose=[q 0.0587 0.3504 0.0071 -0.9347, p 0.0049 0.0047 0.0762] fov=[L -0.8552 R 0.7854 U 0.8378 D -0.8727] flags=0xf
2026-07-20T20:59:23.558 I pid=20741 tid=20779 [M64P-QuestVR] frame=6300 located eye=1 pose=[q 0.0587 0.3504 0.0071 -0.9347, p 0.0524 0.0064 0.1176] fov=[L -0.7854 R 0.8552 U 0.8378 D -0.8727] flags=0xf
2026-07-20T20:59:23.558 I pid=20741 tid=20779 [M64P-QuestVR] frame=6300 xrAcquireSwapchainImage -> 0 (XR_SUCCESS)
2026-07-20T20:59:23.558 I pid=20741 tid=20779 [M64P-QuestVR] frame=6300 eye=0 acquired swapchain=0x17 imageIndex=2 texture=3 size=1680x1760
2026-07-20T20:59:23.558 I pid=20741 tid=20779 [M64P-QuestVR] frame=6300 xrWaitSwapchainImage -> 0 (XR_SUCCESS)
2026-07-20T20:59:23.558 I pid=20741 tid=20779 [M64P-QuestVR] frame=6300 OpenXR source sample destinationEye=0 sourceEye=0 texture=7 baseUv=[0.00000,0 -> 0.50000,1] surfaceMappedUv=[0.00000,1.00000 -> 0.50000,0.00000] source=2688x1008 perEye=1344x1008 destinationViewport=[0,0 1680x1760] quadScale=1.00000x0.71591 sourceFilter=GL_LINEAR
2026-07-20T20:59:23.558 I pid=20741 tid=20779 [M64P-QuestVR] frame=6300 xrReleaseSwapchainImage -> 0 (XR_SUCCESS)
2026-07-20T20:59:23.558 I pid=20741 tid=20779 [M64P-QuestVR] frame=6300 immersiveProjectionView=0 sourceEye=0 poseSource=MATCHED_SOURCE_FRAME poseAge=41.66ms swapchain=0x17 rect=[0,0 1680x1760] array=0 pose=[q 0.0588 0.3520 0.0072 -0.9341, p 0.0051 0.0047 0.0764] fov=[L -0.8552 R 0.7854 U 0.8378 D -0.8727] source=2688x1008 perEye=1344x1008 ready=1
2026-07-20T20:59:23.558 I pid=20741 tid=20779 [M64P-QuestVR] frame=6300 xrAcquireSwapchainImage -> 0 (XR_SUCCESS)
2026-07-20T20:59:23.558 I pid=20741 tid=20779 [M64P-QuestVR] frame=6300 eye=1 acquired swapchain=0x18 imageIndex=2 texture=6 size=1680x1760
2026-07-20T20:59:23.558 I pid=20741 tid=20779 [M64P-QuestVR] frame=6300 xrWaitSwapchainImage -> 0 (XR_SUCCESS)
2026-07-20T20:59:23.559 I pid=20741 tid=20779 [M64P-QuestVR] frame=6300 OpenXR source sample destinationEye=1 sourceEye=1 texture=7 baseUv=[0.50000,0 -> 1.00000,1] surfaceMappedUv=[0.50000,1.00000 -> 1.00000,0.00000] source=2688x1008 perEye=1344x1008 destinationViewport=[0,0 1680x1760] quadScale=1.00000x0.71591 sourceFilter=GL_LINEAR
2026-07-20T20:59:23.559 I pid=20741 tid=20779 [M64P-QuestVR] frame=6300 xrReleaseSwapchainImage -> 0 (XR_SUCCESS)
2026-07-20T20:59:23.559 I pid=20741 tid=20779 [M64P-QuestVR] frame=6300 immersiveProjectionView=1 sourceEye=1 poseSource=MATCHED_SOURCE_FRAME poseAge=41.66ms swapchain=0x18 rect=[0,0 1680x1760] array=0 pose=[q 0.0588 0.3520 0.0072 -0.9341, p 0.0525 0.0064 0.1179] fov=[L -0.7854 R 0.8552 U 0.8378 D -0.8727] source=2688x1008 perEye=1344x1008 ready=1
2026-07-20T20:59:23.559 I pid=20741 tid=20779 [M64P-QuestVR] frame=6300 xrEndFrame input displayTime=11375591549669 blendMode=1 layerCount=1 content=SOURCE_TEXTURE presentation=IMMERSIVE_PROJECTION layerPtr=0x75557f10c0
2026-07-20T20:59:23.559 I pid=20741 tid=20779 [M64P-QuestVR] frame=6300 xrEndFrame -> 0 (XR_SUCCESS)
2026-07-20T20:59:23.559 I pid=20741 tid=20779 [M64P-QuestVR] periodic status samples=300 submitted=6300 layers=300 visibleLayers=6299 state=FOCUSED avgWait=13.00ms avgNative=13.65ms avgWork=0.65ms maxWork=1.11ms presentation=IMMERSIVE_PROJECTION immersiveScale=1.000 sourceTotal=2688x1008 sourcePerEye=1344x1008 contentAspect=1.3333 stereo=1 swapEyes=0 consumerEye=1680x1760 screenScale=1.000 screenDistance=2.000m screenAnchorValid=0 proofLayers=0 sourcePoseAge=41.66ms poseMatches=2528 poseMisses=2 textureTs=11375550814201 latchCalls=2530 newSourceFrames=2528 sourceBlitReady=1
2026-07-20T20:59:27.712 I pid=20741 tid=20779 [M64P-QuestVR] EGL[frame-current] tid=20779 display=0xb40000768c532b40 context=0xb4000075c7f1e680 draw=0xb4000075c7f1ec00 read=0xb4000075c7f1ec00 config=0xb4000075c0e94560 id=9 client=3 surfaceType=0x15a5 renderable=0x45 rgba=8/8/8/8 GL_VERSION=OpenGL ES 3.2 V@0837.0.7 (GIT@3dbacedba8, I13e643cb5c, 1768227585) (Date:01/12/26) GL_RENDERER=Adreno (TM) 740
2026-07-20T20:59:27.724 I pid=20741 tid=20779 [M64P-QuestVR] frame=6600 xrWaitFrame -> 0 (XR_SUCCESS)
2026-07-20T20:59:27.724 I pid=20741 tid=20779 [M64P-QuestVR] frame=6600 wait complete predictedDisplayTime=11379757710575 predictedPeriod=13888676 shouldRender=1 sessionState=FOCUSED
2026-07-20T20:59:27.724 I pid=20741 tid=20779 [M64P-QuestVR] frame=6600 xrBeginFrame -> 0 (XR_SUCCESS)
2026-07-20T20:59:27.724 I pid=20741 tid=20779 [M64P-QuestVR] frame=6600 xrLocateViews -> 0 (XR_SUCCESS)
2026-07-20T20:59:27.724 I pid=20741 tid=20779 [M64P-QuestVR] frame=6600 located eye=0 pose=[q 0.0433 0.1659 0.0046 -0.9852, p -0.0364 0.0091 0.0722] fov=[L -0.8552 R 0.7854 U 0.8378 D -0.8727] flags=0xf
2026-07-20T20:59:27.724 I pid=20741 tid=20779 [M64P-QuestVR] frame=6600 located eye=1 pose=[q 0.0433 0.1659 0.0046 -0.9852, p 0.0231 0.0094 0.0928] fov=[L -0.7854 R 0.8552 U 0.8378 D -0.8727] flags=0xf
2026-07-20T20:59:27.724 I pid=20741 tid=20779 [M64P-QuestVR] frame=6600 xrAcquireSwapchainImage -> 0 (XR_SUCCESS)
2026-07-20T20:59:27.724 I pid=20741 tid=20779 [M64P-QuestVR] frame=6600 eye=0 acquired swapchain=0x17 imageIndex=2 texture=3 size=1680x1760
2026-07-20T20:59:27.724 I pid=20741 tid=20779 [M64P-QuestVR] frame=6600 xrWaitSwapchainImage -> 0 (XR_SUCCESS)
2026-07-20T20:59:27.724 I pid=20741 tid=20779 [M64P-QuestVR] frame=6600 OpenXR source sample destinationEye=0 sourceEye=0 texture=7 baseUv=[0.00000,0 -> 0.50000,1] surfaceMappedUv=[0.00000,1.00000 -> 0.50000,0.00000] source=2688x1008 perEye=1344x1008 destinationViewport=[0,0 1680x1760] quadScale=1.00000x0.71591 sourceFilter=GL_LINEAR
2026-07-20T20:59:27.725 I pid=20741 tid=20779 [M64P-QuestVR] frame=6600 xrReleaseSwapchainImage -> 0 (XR_SUCCESS)
2026-07-20T20:59:27.725 I pid=20741 tid=20779 [M64P-QuestVR] frame=6600 immersiveProjectionView=0 sourceEye=0 poseSource=MATCHED_SOURCE_FRAME poseAge=27.77ms swapchain=0x17 rect=[0,0 1680x1760] array=0 pose=[q 0.0434 0.1666 0.0049 -0.9851, p -0.0365 0.0091 0.0720] fov=[L -0.8552 R 0.7854 U 0.8378 D -0.8727] source=2688x1008 perEye=1344x1008 ready=1
2026-07-20T20:59:27.725 I pid=20741 tid=20779 [M64P-QuestVR] frame=6600 xrAcquireSwapchainImage -> 0 (XR_SUCCESS)
2026-07-20T20:59:27.725 I pid=20741 tid=20779 [M64P-QuestVR] frame=6600 eye=1 acquired swapchain=0x18 imageIndex=2 texture=6 size=1680x1760
2026-07-20T20:59:27.725 I pid=20741 tid=20779 [M64P-QuestVR] frame=6600 xrWaitSwapchainImage -> 0 (XR_SUCCESS)
2026-07-20T20:59:27.725 I pid=20741 tid=20779 [M64P-QuestVR] frame=6600 OpenXR source sample destinationEye=1 sourceEye=1 texture=7 baseUv=[0.50000,0 -> 1.00000,1] surfaceMappedUv=[0.50000,1.00000 -> 1.00000,0.00000] source=2688x1008 perEye=1344x1008 destinationViewport=[0,0 1680x1760] quadScale=1.00000x0.71591 sourceFilter=GL_LINEAR
2026-07-20T20:59:27.725 I pid=20741 tid=20779 [M64P-QuestVR] frame=6600 xrReleaseSwapchainImage -> 0 (XR_SUCCESS)
2026-07-20T20:59:27.725 I pid=20741 tid=20779 [M64P-QuestVR] frame=6600 immersiveProjectionView=1 sourceEye=1 poseSource=MATCHED_SOURCE_FRAME poseAge=27.77ms swapchain=0x18 rect=[0,0 1680x1760] array=0 pose=[q 0.0434 0.1666 0.0049 -0.9851, p 0.0230 0.0094 0.0927] fov=[L -0.7854 R 0.8552 U 0.8378 D -0.8727] source=2688x1008 perEye=1344x1008 ready=1
2026-07-20T20:59:27.725 I pid=20741 tid=20779 [M64P-QuestVR] frame=6600 xrEndFrame input displayTime=11379757710575 blendMode=1 layerCount=1 content=SOURCE_TEXTURE presentation=IMMERSIVE_PROJECTION layerPtr=0x75557f10c0
2026-07-20T20:59:27.725 I pid=20741 tid=20779 [M64P-QuestVR] frame=6600 xrEndFrame -> 0 (XR_SUCCESS)
2026-07-20T20:59:27.725 I pid=20741 tid=20779 [M64P-QuestVR] periodic status samples=300 submitted=6600 layers=300 visibleLayers=6599 state=FOCUSED avgWait=12.98ms avgNative=13.64ms avgWork=0.66ms maxWork=1.20ms presentation=IMMERSIVE_PROJECTION immersiveScale=1.000 sourceTotal=2688x1008 sourcePerEye=1344x1008 contentAspect=1.3333 stereo=1 swapEyes=0 consumerEye=1680x1760 screenScale=1.000 screenDistance=2.000m screenAnchorValid=0 proofLayers=0 sourcePoseAge=27.77ms poseMatches=2652 poseMisses=2 textureTs=11379721009616 latchCalls=2654 newSourceFrames=2652 sourceBlitReady=1
2026-07-20T20:59:29.378+1000 I pid=20741 tid=20779 thread=Render thread [GameSurface] GLideN64 SurfaceTexture callback=2700 timestamp=11381384125771 newLatchedFrames=2698 externalTexture=7
2026-07-20T20:59:29.378 I pid=20741 tid=20779 [M64P-QuestVR] SurfaceTexture latch call=2700 timestamp=11381384125771 previous=11381351167383 newFrames=2698 sourceTexture=7 poseMatched=1 tid=20779
2026-07-20T20:59:31.878 I pid=20741 tid=20779 [M64P-QuestVR] EGL[frame-current] tid=20779 display=0xb40000768c532b40 context=0xb4000075c7f1e680 draw=0xb4000075c7f1ec00 read=0xb4000075c7f1ec00 config=0xb4000075c0e94560 id=9 client=3 surfaceType=0x15a5 renderable=0x45 rgba=8/8/8/8 GL_VERSION=OpenGL ES 3.2 V@0837.0.7 (GIT@3dbacedba8, I13e643cb5c, 1768227585) (Date:01/12/26) GL_RENDERER=Adreno (TM) 740
2026-07-20T20:59:31.890 I pid=20741 tid=20779 [M64P-QuestVR] frame=6900 xrWaitFrame -> 0 (XR_SUCCESS)
2026-07-20T20:59:31.890 I pid=20741 tid=20779 [M64P-QuestVR] frame=6900 wait complete predictedDisplayTime=11383923871549 predictedPeriod=13888683 shouldRender=1 sessionState=FOCUSED
2026-07-20T20:59:31.890 I pid=20741 tid=20779 [M64P-QuestVR] frame=6900 xrBeginFrame -> 0 (XR_SUCCESS)
2026-07-20T20:59:31.890 I pid=20741 tid=20779 [M64P-QuestVR] frame=6900 xrLocateViews -> 0 (XR_SUCCESS)
2026-07-20T20:59:31.890 I pid=20741 tid=20779 [M64P-QuestVR] frame=6900 located eye=0 pose=[q 0.0238 -0.0707 0.0361 -0.9966, p -0.0820 0.0128 0.0732] fov=[L -0.8552 R 0.7854 U 0.8378 D -0.8727] flags=0xf
2026-07-20T20:59:31.890 I pid=20741 tid=20779 [M64P-QuestVR] frame=6900 located eye=1 pose=[q 0.0238 -0.0707 0.0361 -0.9966, p -0.0197 0.0080 0.0644] fov=[L -0.7854 R 0.8552 U 0.8378 D -0.8727] flags=0xf
2026-07-20T20:59:31.890 I pid=20741 tid=20779 [M64P-QuestVR] frame=6900 xrAcquireSwapchainImage -> 0 (XR_SUCCESS)
2026-07-20T20:59:31.890 I pid=20741 tid=20779 [M64P-QuestVR] frame=6900 eye=0 acquired swapchain=0x17 imageIndex=2 texture=3 size=1680x1760
2026-07-20T20:59:31.890 I pid=20741 tid=20779 [M64P-QuestVR] frame=6900 xrWaitSwapchainImage -> 0 (XR_SUCCESS)
2026-07-20T20:59:31.890 I pid=20741 tid=20779 [M64P-QuestVR] frame=6900 OpenXR source sample destinationEye=0 sourceEye=0 texture=7 baseUv=[0.00000,0 -> 0.50000,1] surfaceMappedUv=[0.00000,1.00000 -> 0.50000,0.00000] source=2688x1008 perEye=1344x1008 destinationViewport=[0,0 1680x1760] quadScale=1.00000x0.71591 sourceFilter=GL_LINEAR
2026-07-20T20:59:31.891 I pid=20741 tid=20779 [M64P-QuestVR] frame=6900 xrReleaseSwapchainImage -> 0 (XR_SUCCESS)
2026-07-20T20:59:31.891 I pid=20741 tid=20779 [M64P-QuestVR] frame=6900 immersiveProjectionView=0 sourceEye=0 poseSource=MATCHED_SOURCE_FRAME poseAge=27.77ms swapchain=0x17 rect=[0,0 1680x1760] array=0 pose=[q 0.0234 -0.0707 0.0363 -0.9966, p -0.0819 0.0128 0.0733] fov=[L -0.8552 R 0.7854 U 0.8378 D -0.8727] source=2688x1008 perEye=1344x1008 ready=1
2026-07-20T20:59:31.891 I pid=20741 tid=20779 [M64P-QuestVR] frame=6900 xrAcquireSwapchainImage -> 0 (XR_SUCCESS)
2026-07-20T20:59:31.891 I pid=20741 tid=20779 [M64P-QuestVR] frame=6900 eye=1 acquired swapchain=0x18 imageIndex=2 texture=6 size=1680x1760
2026-07-20T20:59:31.891 I pid=20741 tid=20779 [M64P-QuestVR] frame=6900 xrWaitSwapchainImage -> 0 (XR_SUCCESS)
2026-07-20T20:59:31.891 I pid=20741 tid=20779 [M64P-QuestVR] frame=6900 OpenXR source sample destinationEye=1 sourceEye=1 texture=7 baseUv=[0.50000,0 -> 1.00000,1] surfaceMappedUv=[0.50000,1.00000 -> 1.00000,0.00000] source=2688x1008 perEye=1344x1008 destinationViewport=[0,0 1680x1760] quadScale=1.00000x0.71591 sourceFilter=GL_LINEAR
2026-07-20T20:59:31.891 I pid=20741 tid=20779 [M64P-QuestVR] frame=6900 xrReleaseSwapchainImage -> 0 (XR_SUCCESS)
2026-07-20T20:59:31.891 I pid=20741 tid=20779 [M64P-QuestVR] frame=6900 immersiveProjectionView=1 sourceEye=1 poseSource=MATCHED_SOURCE_FRAME poseAge=27.77ms swapchain=0x18 rect=[0,0 1680x1760] array=0 pose=[q 0.0234 -0.0707 0.0363 -0.9966, p -0.0197 0.0081 0.0645] fov=[L -0.7854 R 0.8552 U 0.8378 D -0.8727] source=2688x1008 perEye=1344x1008 ready=1
2026-07-20T20:59:31.891 I pid=20741 tid=20779 [M64P-QuestVR] frame=6900 xrEndFrame input displayTime=11383923871549 blendMode=1 layerCount=1 content=SOURCE_TEXTURE presentation=IMMERSIVE_PROJECTION layerPtr=0x75557f10c0
2026-07-20T20:59:31.891 I pid=20741 tid=20779 [M64P-QuestVR] frame=6900 xrEndFrame -> 0 (XR_SUCCESS)
2026-07-20T20:59:31.891 I pid=20741 tid=20779 [M64P-QuestVR] periodic status samples=300 submitted=6900 layers=300 visibleLayers=6899 state=FOCUSED avgWait=13.01ms avgNative=13.65ms avgWork=0.64ms maxWork=1.16ms presentation=IMMERSIVE_PROJECTION immersiveScale=1.000 sourceTotal=2688x1008 sourcePerEye=1344x1008 contentAspect=1.3333 stereo=1 swapEyes=0 consumerEye=1680x1760 screenScale=1.000 screenDistance=2.000m screenAnchorValid=0 proofLayers=0 sourcePoseAge=27.77ms poseMatches=2770 poseMisses=2 textureTs=11383888829094 latchCalls=2772 newSourceFrames=2770 sourceBlitReady=1
2026-07-20T20:59:36.044 I pid=20741 tid=20779 [M64P-QuestVR] EGL[frame-current] tid=20779 display=0xb40000768c532b40 context=0xb4000075c7f1e680 draw=0xb4000075c7f1ec00 read=0xb4000075c7f1ec00 config=0xb4000075c0e94560 id=9 client=3 surfaceType=0x15a5 renderable=0x45 rgba=8/8/8/8 GL_VERSION=OpenGL ES 3.2 V@0837.0.7 (GIT@3dbacedba8, I13e643cb5c, 1768227585) (Date:01/12/26) GL_RENDERER=Adreno (TM) 740
2026-07-20T20:59:36.056 I pid=20741 tid=20779 [M64P-QuestVR] frame=7200 xrWaitFrame -> 0 (XR_SUCCESS)
2026-07-20T20:59:36.056 I pid=20741 tid=20779 [M64P-QuestVR] frame=7200 wait complete predictedDisplayTime=11388090032385 predictedPeriod=13888676 shouldRender=1 sessionState=FOCUSED
2026-07-20T20:59:36.056 I pid=20741 tid=20779 [M64P-QuestVR] frame=7200 xrBeginFrame -> 0 (XR_SUCCESS)
2026-07-20T20:59:36.056 I pid=20741 tid=20779 [M64P-QuestVR] frame=7200 xrLocateViews -> 0 (XR_SUCCESS)
2026-07-20T20:59:36.056 I pid=20741 tid=20779 [M64P-QuestVR] frame=7200 located eye=0 pose=[q 0.0559 0.2619 0.0223 -0.9632, p -0.0141 0.0048 0.0693] fov=[L -0.8552 R 0.7854 U 0.8378 D -0.8727] flags=0xf
2026-07-20T20:59:36.056 I pid=20741 tid=20779 [M64P-QuestVR] frame=7200 located eye=1 pose=[q 0.0559 0.2619 0.0223 -0.9632, p 0.0402 0.0040 0.1013] fov=[L -0.7854 R 0.8552 U 0.8378 D -0.8727] flags=0xf
2026-07-20T20:59:36.056 I pid=20741 tid=20779 [M64P-QuestVR] frame=7200 xrAcquireSwapchainImage -> 0 (XR_SUCCESS)
2026-07-20T20:59:36.056 I pid=20741 tid=20779 [M64P-QuestVR] frame=7200 eye=0 acquired swapchain=0x17 imageIndex=2 texture=3 size=1680x1760
2026-07-20T20:59:36.056 I pid=20741 tid=20779 [M64P-QuestVR] frame=7200 xrWaitSwapchainImage -> 0 (XR_SUCCESS)
2026-07-20T20:59:36.057 I pid=20741 tid=20779 [M64P-QuestVR] frame=7200 OpenXR source sample destinationEye=0 sourceEye=0 texture=7 baseUv=[0.00000,0 -> 0.50000,1] surfaceMappedUv=[0.00000,1.00000 -> 0.50000,0.00000] source=2688x1008 perEye=1344x1008 destinationViewport=[0,0 1680x1760] quadScale=1.00000x0.71591 sourceFilter=GL_LINEAR
2026-07-20T20:59:36.057 I pid=20741 tid=20779 [M64P-QuestVR] frame=7200 xrReleaseSwapchainImage -> 0 (XR_SUCCESS)
2026-07-20T20:59:36.057 I pid=20741 tid=20779 [M64P-QuestVR] frame=7200 immersiveProjectionView=0 sourceEye=0 poseSource=MATCHED_SOURCE_FRAME poseAge=27.77ms swapchain=0x17 rect=[0,0 1680x1760] array=0 pose=[q 0.0546 0.2525 0.0235 -0.9658, p -0.0162 0.0052 0.0690] fov=[L -0.8552 R 0.7854 U 0.8378 D -0.8727] source=2688x1008 perEye=1344x1008 ready=1
2026-07-20T20:59:36.057 I pid=20741 tid=20779 [M64P-QuestVR] frame=7200 xrAcquireSwapchainImage -> 0 (XR_SUCCESS)
2026-07-20T20:59:36.057 I pid=20741 tid=20779 [M64P-QuestVR] frame=7200 eye=1 acquired swapchain=0x18 imageIndex=2 texture=6 size=1680x1760
2026-07-20T20:59:36.057 I pid=20741 tid=20779 [M64P-QuestVR] frame=7200 xrWaitSwapchainImage -> 0 (XR_SUCCESS)
2026-07-20T20:59:36.057 I pid=20741 tid=20779 [M64P-QuestVR] frame=7200 OpenXR source sample destinationEye=1 sourceEye=1 texture=7 baseUv=[0.50000,0 -> 1.00000,1] surfaceMappedUv=[0.50000,1.00000 -> 1.00000,0.00000] source=2688x1008 perEye=1344x1008 destinationViewport=[0,0 1680x1760] quadScale=1.00000x0.71591 sourceFilter=GL_LINEAR
2026-07-20T20:59:36.057 I pid=20741 tid=20779 [M64P-QuestVR] frame=7200 xrReleaseSwapchainImage -> 0 (XR_SUCCESS)
2026-07-20T20:59:36.057 I pid=20741 tid=20779 [M64P-QuestVR] frame=7200 immersiveProjectionView=1 sourceEye=1 poseSource=MATCHED_SOURCE_FRAME poseAge=27.77ms swapchain=0x18 rect=[0,0 1680x1760] array=0 pose=[q 0.0546 0.2525 0.0235 -0.9658, p 0.0387 0.0041 0.0999] fov=[L -0.7854 R 0.8552 U 0.8378 D -0.8727] source=2688x1008 perEye=1344x1008 ready=1
2026-07-20T20:59:36.057 I pid=20741 tid=20779 [M64P-QuestVR] frame=7200 xrEndFrame input displayTime=11388090032385 blendMode=1 layerCount=1 content=SOURCE_TEXTURE presentation=IMMERSIVE_PROJECTION layerPtr=0x75557f10c0
2026-07-20T20:59:36.057 I pid=20741 tid=20779 [M64P-QuestVR] frame=7200 xrEndFrame -> 0 (XR_SUCCESS)
2026-07-20T20:59:36.057 I pid=20741 tid=20779 [M64P-QuestVR] periodic status samples=300 submitted=7200 layers=300 visibleLayers=7199 state=FOCUSED avgWait=13.05ms avgNative=13.65ms avgWork=0.61ms maxWork=1.38ms presentation=IMMERSIVE_PROJECTION immersiveScale=1.000 sourceTotal=2688x1008 sourcePerEye=1344x1008 contentAspect=1.3333 stereo=1 swapEyes=0 consumerEye=1680x1760 screenScale=1.000 screenDistance=2.000m screenAnchorValid=0 proofLayers=0 sourcePoseAge=27.77ms poseMatches=2892 poseMisses=2 textureTs=11388056109457 latchCalls=2894 newSourceFrames=2892 sourceBlitReady=1
2026-07-20T20:59:36.251 I pid=20741 tid=20779 [M64P-QuestVR] pose q=[0.060 0.295 0.022 -0.953] p=[0.021 0.003 0.090], runtimeIpd=0.0630 fovL=[-0.855 0.785 0.838 -0.873], draws geometry=312207 perspective=310965 orthographic=1242 rect=465698 backgroundRect=0 sprite2D=0 blits=0 projection canonical=0 foldedView=310965 loads=5393 foldedMultiplies=4151 missingTransformProgram=0 vertices=4187247 modifiedXY=0 eyes=1555810 poseGeneration=14400 targetWidth=2688 targetFallbacks=0 internalFbo allocations=6 n64=320x240 packed=2688x1007 perEye=1344x1007 scale=4.200 nativeFactor=0 viewport=2688x1008 scissor=2688x1008
2026-07-20T20:59:36.251 I pid=20741 tid=20779 [M64P-QuestVR] UI pipeline snapshot reason=BOUNDED_AUTO screenBatches=0 vertices=0 eyeDraws=[0,0] corrections=[0,0] offsetsNdc=[0.000000,0.000000 | 0.000000,0.000000] lastFbo=0 program=0 uniformMask=0x00 uniforms={enabled:0 transform:0 screenTransform:0 rows:0} missing=0 finalBlits=2903 readFbo=1904 texture=7608 sourcePhysical=2688x1007 sourceLogical=1344x1007 sourceRect=[16,1330] destinationPhysical=2688x1008 destinationLogical=2688x1008 destinationRect=[33,2659] filter=0x2601 texrectScratch draws=0 rectangles=0 fbo=2 texture=38 size=640x580 classification={source:PACKED_SBS destination:PACKED_SBS splitCount:1}
2026-07-20T20:59:39.724+1000 I pid=20741 tid=20779 thread=Render thread [GameSurface] GLideN64 SurfaceTexture callback=3000 timestamp=11391725316801 newLatchedFrames=2998 externalTexture=7
2026-07-20T20:59:39.724 I pid=20741 tid=20779 [M64P-QuestVR] SurfaceTexture latch call=3000 timestamp=11391725316801 previous=11391720529509 newFrames=2998 sourceTexture=7 poseMatched=1 tid=20779
2026-07-20T20:59:40.211 I pid=20741 tid=20779 [M64P-QuestVR] EGL[frame-current] tid=20779 display=0xb40000768c532b40 context=0xb4000075c7f1e680 draw=0xb4000075c7f1ec00 read=0xb4000075c7f1ec00 config=0xb4000075c0e94560 id=9 client=3 surfaceType=0x15a5 renderable=0x45 rgba=8/8/8/8 GL_VERSION=OpenGL ES 3.2 V@0837.0.7 (GIT@3dbacedba8, I13e643cb5c, 1768227585) (Date:01/12/26) GL_RENDERER=Adreno (TM) 740
2026-07-20T20:59:40.222 I pid=20741 tid=20779 [M64P-QuestVR] frame=7500 xrWaitFrame -> 0 (XR_SUCCESS)
2026-07-20T20:59:40.222 I pid=20741 tid=20779 [M64P-QuestVR] frame=7500 wait complete predictedDisplayTime=11392256191030 predictedPeriod=13888676 shouldRender=1 sessionState=FOCUSED
2026-07-20T20:59:40.223 I pid=20741 tid=20779 [M64P-QuestVR] frame=7500 xrBeginFrame -> 0 (XR_SUCCESS)
2026-07-20T20:59:40.223 I pid=20741 tid=20779 [M64P-QuestVR] frame=7500 xrLocateViews -> 0 (XR_SUCCESS)
2026-07-20T20:59:40.223 I pid=20741 tid=20779 [M64P-QuestVR] frame=7500 located eye=0 pose=[q 0.0081 0.2372 -0.0033 -0.9714, p -0.0118 0.0127 0.0732] fov=[L -0.8552 R 0.7854 U 0.8378 D -0.8727] flags=0xf
2026-07-20T20:59:40.223 I pid=20741 tid=20779 [M64P-QuestVR] frame=7500 located eye=1 pose=[q 0.0081 0.2372 -0.0033 -0.9714, p 0.0441 0.0134 0.1023] fov=[L -0.7854 R 0.8552 U 0.8378 D -0.8727] flags=0xf
2026-07-20T20:59:40.223 I pid=20741 tid=20779 [M64P-QuestVR] frame=7500 xrAcquireSwapchainImage -> 0 (XR_SUCCESS)
2026-07-20T20:59:40.223 I pid=20741 tid=20779 [M64P-QuestVR] frame=7500 eye=0 acquired swapchain=0x17 imageIndex=2 texture=3 size=1680x1760
2026-07-20T20:59:40.223 I pid=20741 tid=20779 [M64P-QuestVR] frame=7500 xrWaitSwapchainImage -> 0 (XR_SUCCESS)
2026-07-20T20:59:40.223 I pid=20741 tid=20779 [M64P-QuestVR] frame=7500 OpenXR source sample destinationEye=0 sourceEye=0 texture=7 baseUv=[0.00000,0 -> 0.50000,1] surfaceMappedUv=[0.00000,1.00000 -> 0.50000,0.00000] source=2688x1008 perEye=1344x1008 destinationViewport=[0,0 1680x1760] quadScale=1.00000x0.71591 sourceFilter=GL_LINEAR
2026-07-20T20:59:40.223 I pid=20741 tid=20779 [M64P-QuestVR] frame=7500 xrReleaseSwapchainImage -> 0 (XR_SUCCESS)
2026-07-20T20:59:40.223 I pid=20741 tid=20779 [M64P-QuestVR] frame=7500 immersiveProjectionView=0 sourceEye=0 poseSource=MATCHED_SOURCE_FRAME poseAge=27.77ms swapchain=0x17 rect=[0,0 1680x1760] array=0 pose=[q 0.0115 0.2464 -0.0025 -0.9691, p -0.0098 0.0120 0.0733] fov=[L -0.8552 R 0.7854 U 0.8378 D -0.8727] source=2688x1008 perEye=1344x1008 ready=1
2026-07-20T20:59:40.223 I pid=20741 tid=20779 [M64P-QuestVR] frame=7500 xrAcquireSwapchainImage -> 0 (XR_SUCCESS)
2026-07-20T20:59:40.223 I pid=20741 tid=20779 [M64P-QuestVR] frame=7500 eye=1 acquired swapchain=0x18 imageIndex=2 texture=6 size=1680x1760
2026-07-20T20:59:40.223 I pid=20741 tid=20779 [M64P-QuestVR] frame=7500 xrWaitSwapchainImage -> 0 (XR_SUCCESS)
2026-07-20T20:59:40.223 I pid=20741 tid=20779 [M64P-QuestVR] frame=7500 OpenXR source sample destinationEye=1 sourceEye=1 texture=7 baseUv=[0.50000,0 -> 1.00000,1] surfaceMappedUv=[0.50000,1.00000 -> 1.00000,0.00000] source=2688x1008 perEye=1344x1008 destinationViewport=[0,0 1680x1760] quadScale=1.00000x0.71591 sourceFilter=GL_LINEAR
2026-07-20T20:59:40.223 I pid=20741 tid=20779 [M64P-QuestVR] frame=7500 xrReleaseSwapchainImage -> 0 (XR_SUCCESS)
2026-07-20T20:59:40.223 I pid=20741 tid=20779 [M64P-QuestVR] frame=7500 immersiveProjectionView=1 sourceEye=1 poseSource=MATCHED_SOURCE_FRAME poseAge=27.77ms swapchain=0x18 rect=[0,0 1680x1760] array=0 pose=[q 0.0115 0.2464 -0.0025 -0.9691, p 0.0456 0.0127 0.1034] fov=[L -0.7854 R 0.8552 U 0.8378 D -0.8727] source=2688x1008 perEye=1344x1008 ready=1
2026-07-20T20:59:40.223 I pid=20741 tid=20779 [M64P-QuestVR] frame=7500 xrEndFrame input displayTime=11392256191030 blendMode=1 layerCount=1 content=SOURCE_TEXTURE presentation=IMMERSIVE_PROJECTION layerPtr=0x75557f10c0
2026-07-20T20:59:40.224 I pid=20741 tid=20779 [M64P-QuestVR] frame=7500 xrEndFrame -> 0 (XR_SUCCESS)
2026-07-20T20:59:40.224 I pid=20741 tid=20779 [M64P-QuestVR] periodic status samples=300 submitted=7500 layers=300 visibleLayers=7499 state=FOCUSED avgWait=13.01ms avgNative=13.65ms avgWork=0.64ms maxWork=1.23ms presentation=IMMERSIVE_PROJECTION immersiveScale=1.000 sourceTotal=2688x1008 sourcePerEye=1344x1008 contentAspect=1.3333 stereo=1 swapEyes=0 consumerEye=1680x1760 screenScale=1.000 screenDistance=2.000m screenAnchorValid=0 proofLayers=0 sourcePoseAge=27.77ms poseMatches=3012 poseMisses=2 textureTs=11392225268257 latchCalls=3014 newSourceFrames=3012 sourceBlitReady=1
2026-07-20T20:59:44.376 I pid=20741 tid=20779 [M64P-QuestVR] EGL[frame-current] tid=20779 display=0xb40000768c532b40 context=0xb4000075c7f1e680 draw=0xb4000075c7f1ec00 read=0xb4000075c7f1ec00 config=0xb4000075c0e94560 id=9 client=3 surfaceType=0x15a5 renderable=0x45 rgba=8/8/8/8 GL_VERSION=OpenGL ES 3.2 V@0837.0.7 (GIT@3dbacedba8, I13e643cb5c, 1768227585) (Date:01/12/26) GL_RENDERER=Adreno (TM) 740
2026-07-20T20:59:44.388 I pid=20741 tid=20779 [M64P-QuestVR] frame=7800 xrWaitFrame -> 0 (XR_SUCCESS)
2026-07-20T20:59:44.388 I pid=20741 tid=20779 [M64P-QuestVR] frame=7800 wait complete predictedDisplayTime=11396422349674 predictedPeriod=13888676 shouldRender=1 sessionState=FOCUSED
2026-07-20T20:59:44.388 I pid=20741 tid=20779 [M64P-QuestVR] frame=7800 xrBeginFrame -> 0 (XR_SUCCESS)
2026-07-20T20:59:44.388 I pid=20741 tid=20779 [M64P-QuestVR] frame=7800 xrLocateViews -> 0 (XR_SUCCESS)
2026-07-20T20:59:44.388 I pid=20741 tid=20779 [M64P-QuestVR] frame=7800 located eye=0 pose=[q 0.0059 0.2692 -0.0117 -0.9630, p -0.0135 0.0131 0.0728] fov=[L -0.8552 R 0.7854 U 0.8378 D -0.8727] flags=0xf
2026-07-20T20:59:44.388 I pid=20741 tid=20779 [M64P-QuestVR] frame=7800 located eye=1 pose=[q 0.0059 0.2692 -0.0117 -0.9630, p 0.0403 0.0147 0.1054] fov=[L -0.7854 R 0.8552 U 0.8378 D -0.8727] flags=0xf
2026-07-20T20:59:44.389 I pid=20741 tid=20779 [M64P-QuestVR] frame=7800 xrAcquireSwapchainImage -> 0 (XR_SUCCESS)
2026-07-20T20:59:44.389 I pid=20741 tid=20779 [M64P-QuestVR] frame=7800 eye=0 acquired swapchain=0x17 imageIndex=2 texture=3 size=1680x1760
2026-07-20T20:59:44.389 I pid=20741 tid=20779 [M64P-QuestVR] frame=7800 xrWaitSwapchainImage -> 0 (XR_SUCCESS)
2026-07-20T20:59:44.389 I pid=20741 tid=20779 [M64P-QuestVR] frame=7800 OpenXR source sample destinationEye=0 sourceEye=0 texture=7 baseUv=[0.00000,0 -> 0.50000,1] surfaceMappedUv=[0.00000,1.00000 -> 0.50000,0.00000] source=2688x1008 perEye=1344x1008 destinationViewport=[0,0 1680x1760] quadScale=1.00000x0.71591 sourceFilter=GL_LINEAR
2026-07-20T20:59:44.389 I pid=20741 tid=20779 [M64P-QuestVR] frame=7800 xrReleaseSwapchainImage -> 0 (XR_SUCCESS)
2026-07-20T20:59:44.389 I pid=20741 tid=20779 [M64P-QuestVR] frame=7800 immersiveProjectionView=0 sourceEye=0 poseSource=MATCHED_SOURCE_FRAME poseAge=55.55ms swapchain=0x17 rect=[0,0 1680x1760] array=0 pose=[q 0.0044 0.2648 -0.0115 -0.9642, p -0.0144 0.0136 0.0730] fov=[L -0.8552 R 0.7854 U 0.8378 D -0.8727] source=2688x1008 perEye=1344x1008 ready=1
2026-07-20T20:59:44.389 I pid=20741 tid=20779 [M64P-QuestVR] frame=7800 xrAcquireSwapchainImage -> 0 (XR_SUCCESS)
2026-07-20T20:59:44.389 I pid=20741 tid=20779 [M64P-QuestVR] frame=7800 eye=1 acquired swapchain=0x18 imageIndex=2 texture=6 size=1680x1760
2026-07-20T20:59:44.389 I pid=20741 tid=20779 [M64P-QuestVR] frame=7800 xrWaitSwapchainImage -> 0 (XR_SUCCESS)
2026-07-20T20:59:44.389 I pid=20741 tid=20779 [M64P-QuestVR] frame=7800 OpenXR source sample destinationEye=1 sourceEye=1 texture=7 baseUv=[0.50000,0 -> 1.00000,1] surfaceMappedUv=[0.50000,1.00000 -> 1.00000,0.00000] source=2688x1008 perEye=1344x1008 destinationViewport=[0,0 1680x1760] quadScale=1.00000x0.71591 sourceFilter=GL_LINEAR
2026-07-20T20:59:44.389 I pid=20741 tid=20779 [M64P-QuestVR] frame=7800 xrReleaseSwapchainImage -> 0 (XR_SUCCESS)
2026-07-20T20:59:44.389 I pid=20741 tid=20779 [M64P-QuestVR] frame=7800 immersiveProjectionView=1 sourceEye=1 poseSource=MATCHED_SOURCE_FRAME poseAge=55.55ms swapchain=0x18 rect=[0,0 1680x1760] array=0 pose=[q 0.0044 0.2648 -0.0115 -0.9642, p 0.0398 0.0151 0.1052] fov=[L -0.7854 R 0.8552 U 0.8378 D -0.8727] source=2688x1008 perEye=1344x1008 ready=1
2026-07-20T20:59:44.389 I pid=20741 tid=20779 [M64P-QuestVR] frame=7800 xrEndFrame input displayTime=11396422349674 blendMode=1 layerCount=1 content=SOURCE_TEXTURE presentation=IMMERSIVE_PROJECTION layerPtr=0x75557f10c0
2026-07-20T20:59:44.389 I pid=20741 tid=20779 [M64P-QuestVR] frame=7800 xrEndFrame -> 0 (XR_SUCCESS)
2026-07-20T20:59:44.390 I pid=20741 tid=20779 [M64P-QuestVR] periodic status samples=300 submitted=7800 layers=300 visibleLayers=7799 state=FOCUSED avgWait=13.04ms avgNative=13.66ms avgWork=0.62ms maxWork=1.15ms presentation=IMMERSIVE_PROJECTION immersiveScale=1.000 sourceTotal=2688x1008 sourcePerEye=1344x1008 contentAspect=1.3333 stereo=1 swapEyes=0 consumerEye=1680x1760 screenScale=1.000 screenDistance=2.000m screenAnchorValid=0 proofLayers=0 sourcePoseAge=55.55ms poseMatches=3133 poseMisses=2 textureTs=11396359731898 latchCalls=3135 newSourceFrames=3133 sourceBlitReady=1
2026-07-20T20:59:44.568 I pid=20741 tid=20775 [M64P-QuestVR] Quest VR draw class primitive=triangles projection=perspective-folded program=44 uniforms=0x7F framebuffer=8 target=2688 logical=1344 viewport=0,0,2688,2688 scissor=1,34,34,1277,941 sourcePacked=0 vertices=6 modifiedXY=0 geometry=0x00000000 z=0 fog=0 lighting=0 texgen=0 billboard=0 projectionSig=1.8107,2.4142,0.0000,0.0000,-1.0000,0.0000
2026-07-20T20:59:44.643 I pid=20741 tid=20775 [M64P-QuestVR] Quest VR draw class primitive=triangles projection=perspective-folded program=48 uniforms=0x7F framebuffer=9 target=2688 logical=1344 viewport=0,0,2688,2688 scissor=1,34,34,1277,941 sourcePacked=0 vertices=3 modifiedXY=0 geometry=0x00000000 z=0 fog=0 lighting=0 texgen=0 billboard=0 projectionSig=1.8107,2.4142,0.0000,0.0000,-1.0000,0.0000
2026-07-20T20:59:48.542 I pid=20741 tid=20779 [M64P-QuestVR] EGL[frame-current] tid=20779 display=0xb40000768c532b40 context=0xb4000075c7f1e680 draw=0xb4000075c7f1ec00 read=0xb4000075c7f1ec00 config=0xb4000075c0e94560 id=9 client=3 surfaceType=0x15a5 renderable=0x45 rgba=8/8/8/8 GL_VERSION=OpenGL ES 3.2 V@0837.0.7 (GIT@3dbacedba8, I13e643cb5c, 1768227585) (Date:01/12/26) GL_RENDERER=Adreno (TM) 740
2026-07-20T20:59:48.555 I pid=20741 tid=20779 [M64P-QuestVR] frame=8100 xrWaitFrame -> 0 (XR_SUCCESS)
2026-07-20T20:59:48.555 I pid=20741 tid=20779 [M64P-QuestVR] frame=8100 wait complete predictedDisplayTime=11400588512840 predictedPeriod=13888676 shouldRender=1 sessionState=FOCUSED
2026-07-20T20:59:48.555 I pid=20741 tid=20779 [M64P-QuestVR] frame=8100 xrBeginFrame -> 0 (XR_SUCCESS)
2026-07-20T20:59:48.555 I pid=20741 tid=20779 [M64P-QuestVR] frame=8100 xrLocateViews -> 0 (XR_SUCCESS)
2026-07-20T20:59:48.555 I pid=20741 tid=20779 [M64P-QuestVR] frame=8100 located eye=0 pose=[q 0.0107 0.2863 -0.0085 -0.9581, p -0.0057 0.0122 0.0752] fov=[L -0.8552 R 0.7854 U 0.8378 D -0.8727] flags=0xf
2026-07-20T20:59:48.555 I pid=20741 tid=20779 [M64P-QuestVR] frame=8100 located eye=1 pose=[q 0.0107 0.2863 -0.0085 -0.9581, p 0.0470 0.0136 0.1098] fov=[L -0.7854 R 0.8552 U 0.8378 D -0.8727] flags=0xf
2026-07-20T20:59:48.555 I pid=20741 tid=20779 [M64P-QuestVR] frame=8100 xrAcquireSwapchainImage -> 0 (XR_SUCCESS)
2026-07-20T20:59:48.555 I pid=20741 tid=20779 [M64P-QuestVR] frame=8100 eye=0 acquired swapchain=0x17 imageIndex=2 texture=3 size=1680x1760
2026-07-20T20:59:48.555 I pid=20741 tid=20779 [M64P-QuestVR] frame=8100 xrWaitSwapchainImage -> 0 (XR_SUCCESS)
2026-07-20T20:59:48.555 I pid=20741 tid=20779 [M64P-QuestVR] frame=8100 OpenXR source sample destinationEye=0 sourceEye=0 texture=7 baseUv=[0.00000,0 -> 0.50000,1] surfaceMappedUv=[0.00000,1.00000 -> 0.50000,0.00000] source=2688x1008 perEye=1344x1008 destinationViewport=[0,0 1680x1760] quadScale=1.00000x0.71591 sourceFilter=GL_LINEAR
2026-07-20T20:59:48.555 I pid=20741 tid=20779 [M64P-QuestVR] frame=8100 xrReleaseSwapchainImage -> 0 (XR_SUCCESS)
2026-07-20T20:59:48.555 I pid=20741 tid=20779 [M64P-QuestVR] frame=8100 immersiveProjectionView=0 sourceEye=0 poseSource=MATCHED_SOURCE_FRAME poseAge=41.66ms swapchain=0x17 rect=[0,0 1680x1760] array=0 pose=[q 0.0107 0.2871 -0.0086 -0.9578, p -0.0055 0.0121 0.0752] fov=[L -0.8552 R 0.7854 U 0.8378 D -0.8727] source=2688x1008 perEye=1344x1008 ready=1
2026-07-20T20:59:48.555 I pid=20741 tid=20779 [M64P-QuestVR] frame=8100 xrAcquireSwapchainImage -> 0 (XR_SUCCESS)
2026-07-20T20:59:48.555 I pid=20741 tid=20779 [M64P-QuestVR] frame=8100 eye=1 acquired swapchain=0x18 imageIndex=2 texture=6 size=1680x1760
2026-07-20T20:59:48.555 I pid=20741 tid=20779 [M64P-QuestVR] frame=8100 xrWaitSwapchainImage -> 0 (XR_SUCCESS)
2026-07-20T20:59:48.555 I pid=20741 tid=20779 [M64P-QuestVR] frame=8100 OpenXR source sample destinationEye=1 sourceEye=1 texture=7 baseUv=[0.50000,0 -> 1.00000,1] surfaceMappedUv=[0.50000,1.00000 -> 1.00000,0.00000] source=2688x1008 perEye=1344x1008 destinationViewport=[0,0 1680x1760] quadScale=1.00000x0.71591 sourceFilter=GL_LINEAR
2026-07-20T20:59:48.555 I pid=20741 tid=20779 [M64P-QuestVR] frame=8100 xrReleaseSwapchainImage -> 0 (XR_SUCCESS)
2026-07-20T20:59:48.555 I pid=20741 tid=20779 [M64P-QuestVR] frame=8100 immersiveProjectionView=1 sourceEye=1 poseSource=MATCHED_SOURCE_FRAME poseAge=41.66ms swapchain=0x18 rect=[0,0 1680x1760] array=0 pose=[q 0.0107 0.2871 -0.0086 -0.9578, p 0.0471 0.0136 0.1099] fov=[L -0.7854 R 0.8552 U 0.8378 D -0.8727] source=2688x1008 perEye=1344x1008 ready=1
2026-07-20T20:59:48.555 I pid=20741 tid=20779 [M64P-QuestVR] frame=8100 xrEndFrame input displayTime=11400588512840 blendMode=1 layerCount=1 content=SOURCE_TEXTURE presentation=IMMERSIVE_PROJECTION layerPtr=0x75557f10c0
2026-07-20T20:59:48.556 I pid=20741 tid=20779 [M64P-QuestVR] frame=8100 xrEndFrame -> 0 (XR_SUCCESS)
2026-07-20T20:59:48.556 I pid=20741 tid=20779 [M64P-QuestVR] periodic status samples=300 submitted=8100 layers=300 visibleLayers=8099 state=FOCUSED avgWait=13.05ms avgNative=13.66ms avgWork=0.61ms maxWork=1.34ms presentation=IMMERSIVE_PROJECTION immersiveScale=1.000 sourceTotal=2688x1008 sourcePerEye=1344x1008 contentAspect=1.3333 stereo=1 swapEyes=0 consumerEye=1680x1760 screenScale=1.000 screenDistance=2.000m screenAnchorValid=0 proofLayers=0 sourcePoseAge=41.66ms poseMatches=3257 poseMisses=2 textureTs=11400541650388 latchCalls=3259 newSourceFrames=3257 sourceBlitReady=1
2026-07-20T20:59:49.903+1000 I pid=20741 tid=20779 thread=Render thread [GameSurface] GLideN64 SurfaceTexture callback=3300 timestamp=11401910138858 newLatchedFrames=3298 externalTexture=7
2026-07-20T20:59:49.904 I pid=20741 tid=20779 [M64P-QuestVR] SurfaceTexture latch call=3300 timestamp=11401910138858 previous=11401876234375 newFrames=3298 sourceTexture=7 poseMatched=1 tid=20779
2026-07-20T20:59:52.708 I pid=20741 tid=20779 [M64P-QuestVR] EGL[frame-current] tid=20779 display=0xb40000768c532b40 context=0xb4000075c7f1e680 draw=0xb4000075c7f1ec00 read=0xb4000075c7f1ec00 config=0xb4000075c0e94560 id=9 client=3 surfaceType=0x15a5 renderable=0x45 rgba=8/8/8/8 GL_VERSION=OpenGL ES 3.2 V@0837.0.7 (GIT@3dbacedba8, I13e643cb5c, 1768227585) (Date:01/12/26) GL_RENDERER=Adreno (TM) 740
2026-07-20T20:59:52.720 I pid=20741 tid=20779 [M64P-QuestVR] frame=8400 xrWaitFrame -> 0 (XR_SUCCESS)
2026-07-20T20:59:52.721 I pid=20741 tid=20779 [M64P-QuestVR] frame=8400 wait complete predictedDisplayTime=11404754671554 predictedPeriod=13888683 shouldRender=1 sessionState=FOCUSED
2026-07-20T20:59:52.721 I pid=20741 tid=20779 [M64P-QuestVR] frame=8400 xrBeginFrame -> 0 (XR_SUCCESS)
2026-07-20T20:59:52.721 I pid=20741 tid=20779 [M64P-QuestVR] frame=8400 xrLocateViews -> 0 (XR_SUCCESS)
2026-07-20T20:59:52.721 I pid=20741 tid=20779 [M64P-QuestVR] frame=8400 located eye=0 pose=[q 0.0078 0.2770 -0.0134 -0.9607, p -0.0107 0.0130 0.0754] fov=[L -0.8552 R 0.7854 U 0.8378 D -0.8727] flags=0xf
2026-07-20T20:59:52.721 I pid=20741 tid=20779 [M64P-QuestVR] frame=8400 located eye=1 pose=[q 0.0078 0.2770 -0.0134 -0.9607, p 0.0426 0.0149 0.1090] fov=[L -0.7854 R 0.8552 U 0.8378 D -0.8727] flags=0xf
2026-07-20T20:59:52.721 I pid=20741 tid=20779 [M64P-QuestVR] frame=8400 xrAcquireSwapchainImage -> 0 (XR_SUCCESS)
2026-07-20T20:59:52.721 I pid=20741 tid=20779 [M64P-QuestVR] frame=8400 eye=0 acquired swapchain=0x17 imageIndex=2 texture=3 size=1680x1760
2026-07-20T20:59:52.721 I pid=20741 tid=20779 [M64P-QuestVR] frame=8400 xrWaitSwapchainImage -> 0 (XR_SUCCESS)
2026-07-20T20:59:52.721 I pid=20741 tid=20779 [M64P-QuestVR] frame=8400 OpenXR source sample destinationEye=0 sourceEye=0 texture=7 baseUv=[0.00000,0 -> 0.50000,1] surfaceMappedUv=[0.00000,1.00000 -> 0.50000,0.00000] source=2688x1008 perEye=1344x1008 destinationViewport=[0,0 1680x1760] quadScale=1.00000x0.71591 sourceFilter=GL_LINEAR
2026-07-20T20:59:52.721 I pid=20741 tid=20779 [M64P-QuestVR] frame=8400 xrReleaseSwapchainImage -> 0 (XR_SUCCESS)
2026-07-20T20:59:52.721 I pid=20741 tid=20779 [M64P-QuestVR] frame=8400 immersiveProjectionView=0 sourceEye=0 poseSource=MATCHED_SOURCE_FRAME poseAge=41.66ms swapchain=0x17 rect=[0,0 1680x1760] array=0 pose=[q 0.0069 0.2788 -0.0141 -0.9602, p -0.0105 0.0133 0.0758] fov=[L -0.8552 R 0.7854 U 0.8378 D -0.8727] source=2688x1008 perEye=1344x1008 ready=1
2026-07-20T20:59:52.721 I pid=20741 tid=20779 [M64P-QuestVR] frame=8400 xrAcquireSwapchainImage -> 0 (XR_SUCCESS)
2026-07-20T20:59:52.721 I pid=20741 tid=20779 [M64P-QuestVR] frame=8400 eye=1 acquired swapchain=0x18 imageIndex=2 texture=6 size=1680x1760
2026-07-20T20:59:52.721 I pid=20741 tid=20779 [M64P-QuestVR] frame=8400 xrWaitSwapchainImage -> 0 (XR_SUCCESS)
2026-07-20T20:59:52.721 I pid=20741 tid=20779 [M64P-QuestVR] frame=8400 OpenXR source sample destinationEye=1 sourceEye=1 texture=7 baseUv=[0.50000,0 -> 1.00000,1] surfaceMappedUv=[0.50000,1.00000 -> 1.00000,0.00000] source=2688x1008 perEye=1344x1008 destinationViewport=[0,0 1680x1760] quadScale=1.00000x0.71591 sourceFilter=GL_LINEAR
2026-07-20T20:59:52.721 I pid=20741 tid=20779 [M64P-QuestVR] frame=8400 xrReleaseSwapchainImage -> 0 (XR_SUCCESS)
2026-07-20T20:59:52.721 I pid=20741 tid=20779 [M64P-QuestVR] frame=8400 immersiveProjectionView=1 sourceEye=1 poseSource=MATCHED_SOURCE_FRAME poseAge=41.66ms swapchain=0x18 rect=[0,0 1680x1760] array=0 pose=[q 0.0069 0.2788 -0.0141 -0.9602, p 0.0428 0.0152 0.1095] fov=[L -0.7854 R 0.8552 U 0.8378 D -0.8727] source=2688x1008 perEye=1344x1008 ready=1
2026-07-20T20:59:52.721 I pid=20741 tid=20779 [M64P-QuestVR] frame=8400 xrEndFrame input displayTime=11404754671554 blendMode=1 layerCount=1 content=SOURCE_TEXTURE presentation=IMMERSIVE_PROJECTION layerPtr=0x75557f10c0
2026-07-20T20:59:52.721 I pid=20741 tid=20779 [M64P-QuestVR] frame=8400 xrEndFrame -> 0 (XR_SUCCESS)
2026-07-20T20:59:52.721 I pid=20741 tid=20779 [M64P-QuestVR] periodic status samples=300 submitted=8400 layers=300 visibleLayers=8399 state=FOCUSED avgWait=13.05ms avgNative=13.66ms avgWork=0.61ms maxWork=1.16ms presentation=IMMERSIVE_PROJECTION immersiveScale=1.000 sourceTotal=2688x1008 sourcePerEye=1344x1008 contentAspect=1.3333 stereo=1 swapEyes=0 consumerEye=1680x1760 screenScale=1.000 screenDistance=2.000m screenAnchorValid=0 proofLayers=0 sourcePoseAge=41.66ms poseMatches=3382 poseMisses=2 textureTs=11404709621116 latchCalls=3384 newSourceFrames=3382 sourceBlitReady=1
2026-07-20T20:59:53.051+1000 I pid=20741 tid=20741 thread=main [GameActivity] onWindowFocusChanged hasFocus=false
2026-07-20T20:59:53.070 I pid=20741 tid=20779 [M64P-QuestVR] xrPollEvent -> 0 (XR_SUCCESS), eventType=52
2026-07-20T20:59:54.931 W pid=20741 tid=20779 [M64P-QuestVR] xrWaitFrame returned shouldRender=false in session state FOCUSED (5), count=1
2026-07-20T20:59:54.931+1000 I pid=20741 tid=20741 thread=main [GameActivity] onPause focus=false
2026-07-20T20:59:54.956 I pid=20741 tid=20779 [M64P-QuestVR] xrPollEvent -> 0 (XR_SUCCESS), eventType=18
2026-07-20T20:59:54.956 I pid=20741 tid=20779 [M64P-QuestVR] OpenXR session state changed: session=0x2 time=11406947309880 state=VISIBLE (4) running=1
2026-07-20T20:59:54.956 I pid=20741 tid=20779 [M64P-QuestVR] xrPollEvent -> 0 (XR_SUCCESS), eventType=18
2026-07-20T20:59:54.956 I pid=20741 tid=20779 [M64P-QuestVR] OpenXR session state changed: session=0x2 time=11406959998684 state=SYNCHRONIZED (3) running=1
2026-07-20T20:59:54.956 I pid=20741 tid=20779 [M64P-QuestVR] xrPollEvent -> 0 (XR_SUCCESS), eventType=18
2026-07-20T20:59:54.956 I pid=20741 tid=20779 [M64P-QuestVR] OpenXR session state changed: session=0x2 time=11406963551861 state=STOPPING (6) running=1
2026-07-20T20:59:55.000+1000 I pid=20741 tid=20741 thread=main [GameSurface] surfaceDestroyed surface=Surface(name=null mNativeObject=-5476376642721161216)/@0x3245d8a glStarted=true
2026-07-20T20:59:55.001+1000 I pid=20741 tid=20741 thread=main [GameSurface] stopGlContext surfaceAvailable=true glStarted=true renderThread=Thread[Render thread,5,main]
2026-07-20T20:59:55.003 I pid=20741 tid=20779 [M64P-QuestVR] xrEndSession -> 0 (XR_SUCCESS)
2026-07-20T20:59:55.003 I pid=20741 tid=20779 [M64P-QuestVR] xrPollEvent -> 0 (XR_SUCCESS), eventType=18
2026-07-20T20:59:55.003 I pid=20741 tid=20779 [M64P-QuestVR] OpenXR session state changed: session=0x2 time=11407017712544 state=IDLE (1) running=0
2026-07-20T20:59:55.003 I pid=20741 tid=20779 [M64P-QuestVR] xrPollEvent -> 0 (XR_SUCCESS), eventType=40
2026-07-20T20:59:55.003 I pid=20741 tid=20779 [M64P-QuestVR] OpenXR reference-space change pending: type=2 time=11407019411033 poseValid=1
2026-07-20T20:59:55.003 I pid=20741 tid=20779 [M64P-QuestVR] Queued game-screen and GLideN64 recenter after OpenXR reference-space change
2026-07-20T20:59:55.003 W pid=20741 tid=20779 [M64P-QuestVR] Waiting for a runnable OpenXR session: state=IDLE (1), polls=1
2026-07-20T20:59:55.004 I pid=20741 tid=20775 [M64P-QuestVR] Quest VR draw-class capture re-armed after renderer recenter
2026-07-20T20:59:55.004 I pid=20741 tid=20775 [M64P-QuestVR] Quest VR draw class primitive=triangles projection=perspective-folded program=48 uniforms=0x7F framebuffer=8 target=2688 logical=1344 viewport=0,0,2688,2688 scissor=1,34,34,1277,941 sourcePacked=0 vertices=3 modifiedXY=0 geometry=0x00000000 z=0 fog=0 lighting=0 texgen=0 billboard=0 projectionSig=1.8107,2.4142,0.0000,0.0000,-1.0000,0.0000
2026-07-20T20:59:55.004 I pid=20741 tid=20775 [M64P-QuestVR] Quest VR draw class primitive=rectangles projection=none program=35 uniforms=0x01 framebuffer=8 target=2688 logical=1344 viewport=0,0,2688,2688 scissor=1,34,34,1277,941 sourcePacked=0 vertices=4 modifiedXY=0 geometry=0x00000000 z=0 fog=0 lighting=0 texgen=0 billboard=0 projectionSig=0.0000,0.0000,0.0000,0.0000,0.0000,0.0000
2026-07-20T20:59:55.004 I pid=20741 tid=20775 [M64P-QuestVR] Quest VR draw class primitive=rectangles projection=none program=27 uniforms=0x7F framebuffer=2278 target=2688 logical=1344 viewport=0,0,2688,1007 scissor=0,34,34,1277,941 sourcePacked=1 vertices=4 modifiedXY=0 geometry=0x00000000 z=0 fog=0 lighting=0 texgen=0 billboard=0 projectionSig=0.0000,0.0000,0.0000,0.0000,0.0000,0.0000
2026-07-20T20:59:55.004 I pid=20741 tid=20775 [M64P-QuestVR] Quest VR draw class primitive=rectangles projection=none program=15 uniforms=0x7F framebuffer=0 target=2688 logical=2688 viewport=0,0,2688,1008 scissor=0,34,34,1277,941 sourcePacked=1 vertices=4 modifiedXY=0 geometry=0x00000000 z=0 fog=0 lighting=0 texgen=0 billboard=0 projectionSig=0.0000,0.0000,0.0000,0.0000,0.0000,0.0000
2026-07-20T20:59:55.005+1000 I pid=20741 tid=20779 thread=Render thread [ShaderDrawer] SurfaceTexture consumer destroy texture=7
2026-07-20T20:59:55.006+1000 I pid=20741 tid=20779 thread=Render thread [QuestVrBridge] shutdown entry
2026-07-20T20:59:55.007 I pid=20741 tid=20779 [M64P-QuestVR] Destroying OpenXR state on tid=20779 initialized=1 session=0x2 state=IDLE running=0
2026-07-20T20:59:55.007 I pid=20741 tid=20779 [M64P-QuestVR] xrDestroyActionSet -> 0 (XR_SUCCESS)
2026-07-20T20:59:55.008 I pid=20741 tid=20779 [M64P-QuestVR] xrDestroySwapchain -> 0 (XR_SUCCESS)
2026-07-20T20:59:55.009 I pid=20741 tid=20779 [M64P-QuestVR] xrDestroySwapchain -> 0 (XR_SUCCESS)
2026-07-20T20:59:55.009 I pid=20741 tid=20779 [M64P-QuestVR] xrDestroySpace(VIEW) -> 0 (XR_SUCCESS)
2026-07-20T20:59:55.009 I pid=20741 tid=20779 [M64P-QuestVR] xrDestroySpace(LOCAL) -> 0 (XR_SUCCESS)
2026-07-20T20:59:55.049 I pid=20741 tid=20779 [M64P-QuestVR] xrDestroySession -> 0 (XR_SUCCESS)
2026-07-20T20:59:55.066 I pid=20741 tid=20779 [M64P-QuestVR] xrDestroyInstance -> 0
2026-07-20T20:59:55.066 I pid=20741 tid=20779 [M64P-QuestVR] OpenXR presentation bridge shut down
2026-07-20T20:59:55.067 I pid=20741 tid=20779 [M64P-QuestVR] nativeReleaseParkedEglContext entry tid=20779 active=1 surfaceless=0
2026-07-20T20:59:55.067 I pid=20741 tid=20779 [M64P-QuestVR] EGL bootstrap[release-entry] tid=20779 display=0xb40000768c532b40 context=0xb4000075c7f1e680 draw=0xb4000075c7f1ec00 read=0xb4000075c7f1ec00 configId=9 clientVersion=3 eglError=0x3000
2026-07-20T20:59:55.068 I pid=20741 tid=20779 [M64P-QuestVR] Restored EGL context to Android window after OpenXR parking
2026-07-20T20:59:55.068 I pid=20741 tid=20779 [M64P-QuestVR] Released parked OpenXR EGL pbuffer
2026-07-20T20:59:55.068 I pid=20741 tid=20779 [M64P-QuestVR] EGL bootstrap[release-complete] tid=20779 display=0xb40000768c532b40 context=0xb4000075c7f1e680 draw=0xb4000075c7f1ea00 read=0xb4000075c7f1ea00 configId=9 clientVersion=3 eglError=0x3000
2026-07-20T20:59:55.069+1000 I pid=20741 tid=20779 thread=Render thread [GameSurface] RenderThread.run exit
2026-07-20T20:59:55.082+1000 I pid=20741 tid=20741 thread=main [GameActivity] onStop changingConfigurations=false finishing=false destroyed=false transientQuestVrStop=false
2026-07-20T20:59:55.142+1000 I pid=20741 tid=20741 thread=main [GameSurface] stopGlContext surfaceAvailable=false glStarted=false renderThread=null
2026-07-20T20:59:55.148+1000 I pid=20741 tid=20741 thread=main [GameActivity] onDestroy entry finishing=true destroyed=true
2026-07-20T21:05:38.265+1000 I pid=20741 tid=20741 thread=main [QuestVrPrefsActivity] Opened share sheet for diagnostic log bytes=251850
